region_code,province_code,municipality_code,district_municipal_code,section_code,barrio_paraje_code,sub_barrio_code,level,name,official_name,normalized_name,parent_composite_code,composite_code,full_path,is_official,source,valid_from,valid_to,notes
10,01,00,00,00,000,00,province,Distrito Nacional,Distrito Nacional,distrito nacional,,10-01-00-00-00-000-00,Distrito Nacional,True,ONE,,,
10,01,01,00,00,000,00,municipality,Santo Domingo de Guzmán,Santo Domingo de Guzmán,santo domingo de guzman,10-01-00-00-00-000-00,10-01-01-00-00-000-00,Distrito Nacional > Santo Domingo de Guzmán,True,ONE,,,
10,01,01,01,00,000,00,district_municipal,Santo Domingo de Guzmán,Santo Domingo de Guzmán,santo domingo de guzman,10-01-01-00-00-000-00,10-01-01-01-00-000-00,Distrito Nacional > Santo Domingo de Guzmán > Santo Domingo de Guzmán,True,ONE,,,
10,01,01,01,01,000,00,section,Santo Domingo de Guzmán (Zona urbana),Santo Domingo de Guzmán (Zona urbana),santo domingo de guzman zona urbana,10-01-01-01-00-000-00,10-01-01-01-01-000-00,Distrito Nacional > Santo Domingo de Guzmán > Santo Domingo de Guzmán > Santo Domingo de Guzmán (Zona urbana),True,ONE,,,
10,01,01,01,01,001,00,barrio_paraje,Los Peralejos,Los Peralejos,los peralejos,10-01-01-01-01-000-00,10-01-01-01-01-001-00,Distrito Nacional > Santo Domingo de Guzmán > Santo Domingo de Guzmán > Santo Domingo de Guzmán (Zona urbana) > Los Peralejos,True,ONE,,,
10,01,01,01,01,001,01,sub_barrio,Los Peralejos,Los Peralejos,los peralejos,10-01-01-01-01-001-00,10-01-01-01-01-001-01,Distrito Nacional > Santo Domingo de Guzmán > Santo Domingo de Guzmán > Santo Domingo de Guzmán (Zona urbana) > Los Peralejos > Los Peralejos,True,ONE,,,
10,01,01,01,01,001,02,sub_barrio,Los Ángeles,Los Ángeles,los angeles,10-01-01-01-01-001-00,10-01-01-01-01-001-02,Distrito Nacional > Santo Domingo de Guzmán > Santo Domingo de Guzmán > Santo Domingo de Guzmán (Zona urbana) > Los Peralejos > Los Ángeles,True,ONE,,,
10,01,01,01,01,001,03,sub_barrio,Brisas del Norte,Brisas del Norte,brisas del norte,10-01-01-01-01-001-00,10-01-01-01-01-001-03,Distrito Nacional > Santo Domingo de Guzmán > Santo Domingo de Guzmán > Santo Domingo de Guzmán (Zona urbana) > Los Peralejos > Brisas del Norte,True,ONE,,,
10,01,01,01,01,002,00,barrio_paraje,Palma Real,Palma Real,palma real,10-01-01-01-01-000-00,10-01-01-01-01-002-00,Distrito Nacional > Santo Domingo de Guzmán > Santo Domingo de Guzmán > Santo Domingo de Guzmán (Zona urbana) > Palma Real,True,ONE,,,
10,01,01,01,01,002,01,sub_barrio,Palma Real,Palma Real,palma real,10-01-01-01-01-002-00,10-01-01-01-01-002-01,Distrito Nacional > Santo Domingo de Guzmán > Santo Domingo de Guzmán > Santo Domingo de Guzmán (Zona urbana) > Palma Real > Palma Real,True,ONE,,,
10,01,01,01,01,002,02,sub_barrio,Los Girasoles I,Los Girasoles I,los girasoles i,10-01-01-01-01-002-00,10-01-01-01-01-002-02,Distrito Nacional > Santo Domingo de Guzmán > Santo Domingo de Guzmán > Santo Domingo de Guzmán (Zona urbana) > Palma Real > Los Girasoles I,True,ONE,,,
10,01,01,01,01,002,03,sub_barrio,Los Girasoles II,Los Girasoles II,los girasoles ii,10-01-01-01-01-002-00,10-01-01-01-01-002-03,Distrito Nacional > Santo Domingo de Guzmán > Santo Domingo de Guzmán > Santo Domingo de Guzmán (Zona urbana) > Palma Real > Los Girasoles II,True,ONE,,,
10,01,01,01,01,002,04,sub_barrio,Los Girasoles III,Los Girasoles III,los girasoles iii,10-01-01-01-01-002-00,10-01-01-01-01-002-04,Distrito Nacional > Santo Domingo de Guzmán > Santo Domingo de Guzmán > Santo Domingo de Guzmán (Zona urbana) > Palma Real > Los Girasoles III,True,ONE,,,
10,01,01,01,01,002,05,sub_barrio,Colinas de Arroyo Hondo,Colinas de Arroyo Hondo,colinas de arroyo hondo,10-01-01-01-01-002-00,10-01-01-01-01-002-05,Distrito Nacional > Santo Domingo de Guzmán > Santo Domingo de Guzmán > Santo Domingo de Guzmán (Zona urbana) > Palma Real > Colinas de Arroyo Hondo,True,ONE,,,
10,01,01,01,01,002,06,sub_barrio,Don Panchito,Don Panchito,don panchito,10-01-01-01-01-002-00,10-01-01-01-01-002-06,Distrito Nacional > Santo Domingo de Guzmán > Santo Domingo de Guzmán > Santo Domingo de Guzmán (Zona urbana) > Palma Real > Don Panchito,True,ONE,,,
10,01,01,01,01,002,07,sub_barrio,Villa María,Villa María,villa maria,10-01-01-01-01-002-00,10-01-01-01-01-002-07,Distrito Nacional > Santo Domingo de Guzmán > Santo Domingo de Guzmán > Santo Domingo de Guzmán (Zona urbana) > Palma Real > Villa María,True,ONE,,,
10,01,01,01,01,002,08,sub_barrio,Fundación,Fundación,fundacion,10-01-01-01-01-002-00,10-01-01-01-01-002-08,Distrito Nacional > Santo Domingo de Guzmán > Santo Domingo de Guzmán > Santo Domingo de Guzmán (Zona urbana) > Palma Real > Fundación,True,ONE,,,
10,01,01,01,01,003,00,barrio_paraje,Arroyo Manzano,Arroyo Manzano,arroyo manzano,10-01-01-01-01-000-00,10-01-01-01-01-003-00,Distrito Nacional > Santo Domingo de Guzmán > Santo Domingo de Guzmán > Santo Domingo de Guzmán (Zona urbana) > Arroyo Manzano,True,ONE,,,
10,01,01,01,01,003,01,sub_barrio,Arroyo Manzano,Arroyo Manzano,arroyo manzano,10-01-01-01-01-003-00,10-01-01-01-01-003-01,Distrito Nacional > Santo Domingo de Guzmán > Santo Domingo de Guzmán > Santo Domingo de Guzmán (Zona urbana) > Arroyo Manzano > Arroyo Manzano,True,ONE,,,
10,01,01,01,01,003,02,sub_barrio,La Meseta,La Meseta,la meseta,10-01-01-01-01-003-00,10-01-01-01-01-003-02,Distrito Nacional > Santo Domingo de Guzmán > Santo Domingo de Guzmán > Santo Domingo de Guzmán (Zona urbana) > Arroyo Manzano > La Meseta,True,ONE,,,
10,01,01,01,01,003,03,sub_barrio,Villa Progreso,Villa Progreso,villa progreso,10-01-01-01-01-003-00,10-01-01-01-01-003-03,Distrito Nacional > Santo Domingo de Guzmán > Santo Domingo de Guzmán > Santo Domingo de Guzmán (Zona urbana) > Arroyo Manzano > Villa Progreso,True,ONE,,,
10,01,01,01,01,003,04,sub_barrio,Cuesta Brava,Cuesta Brava,cuesta brava,10-01-01-01-01-003-00,10-01-01-01-01-003-04,Distrito Nacional > Santo Domingo de Guzmán > Santo Domingo de Guzmán > Santo Domingo de Guzmán (Zona urbana) > Arroyo Manzano > Cuesta Brava,True,ONE,,,
10,01,01,01,01,003,05,sub_barrio,Urbanización Arroyo Manzano,Urbanización Arroyo Manzano,urbanizacion arroyo manzano,10-01-01-01-01-003-00,10-01-01-01-01-003-05,Distrito Nacional > Santo Domingo de Guzmán > Santo Domingo de Guzmán > Santo Domingo de Guzmán (Zona urbana) > Arroyo Manzano > Urbanización Arroyo Manzano,True,ONE,,,
10,01,01,01,01,003,06,sub_barrio,Buena Vista,Buena Vista,buena vista,10-01-01-01-01-003-00,10-01-01-01-01-003-06,Distrito Nacional > Santo Domingo de Guzmán > Santo Domingo de Guzmán > Santo Domingo de Guzmán (Zona urbana) > Arroyo Manzano > Buena Vista,True,ONE,,,
10,01,01,01,01,003,07,sub_barrio,Puerta de Hierro,Puerta de Hierro,puerta de hierro,10-01-01-01-01-003-00,10-01-01-01-01-003-07,Distrito Nacional > Santo Domingo de Guzmán > Santo Domingo de Guzmán > Santo Domingo de Guzmán (Zona urbana) > Arroyo Manzano > Puerta de Hierro,True,ONE,,,
10,01,01,01,01,003,08,sub_barrio,Madre Vieja,Madre Vieja,madre vieja,10-01-01-01-01-003-00,10-01-01-01-01-003-08,Distrito Nacional > Santo Domingo de Guzmán > Santo Domingo de Guzmán > Santo Domingo de Guzmán (Zona urbana) > Arroyo Manzano > Madre Vieja,True,ONE,,,
10,01,01,01,01,003,09,sub_barrio,Residencial Colina Bella,Residencial Colina Bella,residencial colina bella,10-01-01-01-01-003-00,10-01-01-01-01-003-09,Distrito Nacional > Santo Domingo de Guzmán > Santo Domingo de Guzmán > Santo Domingo de Guzmán (Zona urbana) > Arroyo Manzano > Residencial Colina Bella,True,ONE,,,
10,01,01,01,01,003,10,sub_barrio,Residencial Irene,Residencial Irene,residencial irene,10-01-01-01-01-003-00,10-01-01-01-01-003-10,Distrito Nacional > Santo Domingo de Guzmán > Santo Domingo de Guzmán > Santo Domingo de Guzmán (Zona urbana) > Arroyo Manzano > Residencial Irene,True,ONE,,,
10,01,01,01,01,003,11,sub_barrio,Residencial San Francisco de Asís,Residencial San Francisco de Asís,residencial san francisco de asis,10-01-01-01-01-003-00,10-01-01-01-01-003-11,Distrito Nacional > Santo Domingo de Guzmán > Santo Domingo de Guzmán > Santo Domingo de Guzmán (Zona urbana) > Arroyo Manzano > Residencial San Francisco de Asís,True,ONE,,,
10,01,01,01,01,004,00,barrio_paraje,Altos de Arroyo Hondo,Altos de Arroyo Hondo,altos de arroyo hondo,10-01-01-01-01-000-00,10-01-01-01-01-004-00,Distrito Nacional > Santo Domingo de Guzmán > Santo Domingo de Guzmán > Santo Domingo de Guzmán (Zona urbana) > Altos de Arroyo Hondo,True,ONE,,,
10,01,01,01,01,004,01,sub_barrio,Altos de Arroyo Hondo,Altos de Arroyo Hondo,altos de arroyo hondo,10-01-01-01-01-004-00,10-01-01-01-01-004-01,Distrito Nacional > Santo Domingo de Guzmán > Santo Domingo de Guzmán > Santo Domingo de Guzmán (Zona urbana) > Altos de Arroyo Hondo > Altos de Arroyo Hondo,True,ONE,,,
10,01,01,01,01,004,02,sub_barrio,Ciudad Real,Ciudad Real,ciudad real,10-01-01-01-01-004-00,10-01-01-01-01-004-02,Distrito Nacional > Santo Domingo de Guzmán > Santo Domingo de Guzmán > Santo Domingo de Guzmán (Zona urbana) > Altos de Arroyo Hondo > Ciudad Real,True,ONE,,,
10,01,01,01,01,004,03,sub_barrio,Carmen María,Carmen María,carmen maria,10-01-01-01-01-004-00,10-01-01-01-01-004-03,Distrito Nacional > Santo Domingo de Guzmán > Santo Domingo de Guzmán > Santo Domingo de Guzmán (Zona urbana) > Altos de Arroyo Hondo > Carmen María,True,ONE,,,
10,01,01,01,01,004,04,sub_barrio,Reparto Miguelina,Reparto Miguelina,reparto miguelina,10-01-01-01-01-004-00,10-01-01-01-01-004-04,Distrito Nacional > Santo Domingo de Guzmán > Santo Domingo de Guzmán > Santo Domingo de Guzmán (Zona urbana) > Altos de Arroyo Hondo > Reparto Miguelina,True,ONE,,,
10,01,01,01,01,004,05,sub_barrio,Villa Claudia,Villa Claudia,villa claudia,10-01-01-01-01-004-00,10-01-01-01-01-004-05,Distrito Nacional > Santo Domingo de Guzmán > Santo Domingo de Guzmán > Santo Domingo de Guzmán (Zona urbana) > Altos de Arroyo Hondo > Villa Claudia,True,ONE,,,
10,01,01,01,01,004,06,sub_barrio,Villa Isabel,Villa Isabel,villa isabel,10-01-01-01-01-004-00,10-01-01-01-01-004-06,Distrito Nacional > Santo Domingo de Guzmán > Santo Domingo de Guzmán > Santo Domingo de Guzmán (Zona urbana) > Altos de Arroyo Hondo > Villa Isabel,True,ONE,,,
10,01,01,01,01,004,07,sub_barrio,Villa Amanda,Villa Amanda,villa amanda,10-01-01-01-01-004-00,10-01-01-01-01-004-07,Distrito Nacional > Santo Domingo de Guzmán > Santo Domingo de Guzmán > Santo Domingo de Guzmán (Zona urbana) > Altos de Arroyo Hondo > Villa Amanda,True,ONE,,,
10,01,01,01,01,004,08,sub_barrio,La Ceiba,La Ceiba,la ceiba,10-01-01-01-01-004-00,10-01-01-01-01-004-08,Distrito Nacional > Santo Domingo de Guzmán > Santo Domingo de Guzmán > Santo Domingo de Guzmán (Zona urbana) > Altos de Arroyo Hondo > La Ceiba,True,ONE,,,
10,01,01,01,01,004,09,sub_barrio,Kilómetro XI,Kilómetro XI,kilometro xi,10-01-01-01-01-004-00,10-01-01-01-01-004-09,Distrito Nacional > Santo Domingo de Guzmán > Santo Domingo de Guzmán > Santo Domingo de Guzmán (Zona urbana) > Altos de Arroyo Hondo > Kilómetro XI,True,ONE,,,
10,01,01,01,01,004,10,sub_barrio,Residencial Condado,Residencial Condado,residencial condado,10-01-01-01-01-004-00,10-01-01-01-01-004-10,Distrito Nacional > Santo Domingo de Guzmán > Santo Domingo de Guzmán > Santo Domingo de Guzmán (Zona urbana) > Altos de Arroyo Hondo > Residencial Condado,True,ONE,,,
10,01,01,01,01,004,11,sub_barrio,Don Honorio,Don Honorio,don honorio,10-01-01-01-01-004-00,10-01-01-01-01-004-11,Distrito Nacional > Santo Domingo de Guzmán > Santo Domingo de Guzmán > Santo Domingo de Guzmán (Zona urbana) > Altos de Arroyo Hondo > Don Honorio,True,ONE,,,
10,01,01,01,01,004,12,sub_barrio,Pinos Norte,Pinos Norte,pinos norte,10-01-01-01-01-004-00,10-01-01-01-01-004-12,Distrito Nacional > Santo Domingo de Guzmán > Santo Domingo de Guzmán > Santo Domingo de Guzmán (Zona urbana) > Altos de Arroyo Hondo > Pinos Norte,True,ONE,,,
10,01,01,01,01,004,13,sub_barrio,Los Guayuyos,Los Guayuyos,los guayuyos,10-01-01-01-01-004-00,10-01-01-01-01-004-13,Distrito Nacional > Santo Domingo de Guzmán > Santo Domingo de Guzmán > Santo Domingo de Guzmán (Zona urbana) > Altos de Arroyo Hondo > Los Guayuyos,True,ONE,,,
10,01,01,01,01,004,14,sub_barrio,El Ducado,El Ducado,el ducado,10-01-01-01-01-004-00,10-01-01-01-01-004-14,Distrito Nacional > Santo Domingo de Guzmán > Santo Domingo de Guzmán > Santo Domingo de Guzmán (Zona urbana) > Altos de Arroyo Hondo > El Ducado,True,ONE,,,
10,01,01,01,01,004,15,sub_barrio,Las Colinas del Seminario I,Las Colinas del Seminario I,las colinas del seminario i,10-01-01-01-01-004-00,10-01-01-01-01-004-15,Distrito Nacional > Santo Domingo de Guzmán > Santo Domingo de Guzmán > Santo Domingo de Guzmán (Zona urbana) > Altos de Arroyo Hondo > Las Colinas del Seminario I,True,ONE,,,
10,01,01,01,01,004,16,sub_barrio,Las Ochocientas,Las Ochocientas,las ochocientas,10-01-01-01-01-004-00,10-01-01-01-01-004-16,Distrito Nacional > Santo Domingo de Guzmán > Santo Domingo de Guzmán > Santo Domingo de Guzmán (Zona urbana) > Altos de Arroyo Hondo > Las Ochocientas,True,ONE,,,
10,01,01,01,01,004,17,sub_barrio,Mirador de Girasoles,Mirador de Girasoles,mirador de girasoles,10-01-01-01-01-004-00,10-01-01-01-01-004-17,Distrito Nacional > Santo Domingo de Guzmán > Santo Domingo de Guzmán > Santo Domingo de Guzmán (Zona urbana) > Altos de Arroyo Hondo > Mirador de Girasoles,True,ONE,,,
10,01,01,01,01,004,18,sub_barrio,Residencial Madelaine,Residencial Madelaine,residencial madelaine,10-01-01-01-01-004-00,10-01-01-01-01-004-18,Distrito Nacional > Santo Domingo de Guzmán > Santo Domingo de Guzmán > Santo Domingo de Guzmán (Zona urbana) > Altos de Arroyo Hondo > Residencial Madelaine,True,ONE,,,
10,01,01,01,01,004,19,sub_barrio,Residencial Nueva Terraza,Residencial Nueva Terraza,residencial nueva terraza,10-01-01-01-01-004-00,10-01-01-01-01-004-19,Distrito Nacional > Santo Domingo de Guzmán > Santo Domingo de Guzmán > Santo Domingo de Guzmán (Zona urbana) > Altos de Arroyo Hondo > Residencial Nueva Terraza,True,ONE,,,
10,01,01,01,01,004,20,sub_barrio,Residencial Amapola,Residencial Amapola,residencial amapola,10-01-01-01-01-004-00,10-01-01-01-01-004-20,Distrito Nacional > Santo Domingo de Guzmán > Santo Domingo de Guzmán > Santo Domingo de Guzmán (Zona urbana) > Altos de Arroyo Hondo > Residencial Amapola,True,ONE,,,
10,01,01,01,01,004,21,sub_barrio,Ciudad Real II,Ciudad Real II,ciudad real ii,10-01-01-01-01-004-00,10-01-01-01-01-004-21,Distrito Nacional > Santo Domingo de Guzmán > Santo Domingo de Guzmán > Santo Domingo de Guzmán (Zona urbana) > Altos de Arroyo Hondo > Ciudad Real II,True,ONE,,,
10,01,01,01,01,005,00,barrio_paraje,Los Ríos,Los Ríos,los rios,10-01-01-01-01-000-00,10-01-01-01-01-005-00,Distrito Nacional > Santo Domingo de Guzmán > Santo Domingo de Guzmán > Santo Domingo de Guzmán (Zona urbana) > Los Ríos,True,ONE,,,
10,01,01,01,01,005,01,sub_barrio,Los Ríos,Los Ríos,los rios,10-01-01-01-01-005-00,10-01-01-01-01-005-01,Distrito Nacional > Santo Domingo de Guzmán > Santo Domingo de Guzmán > Santo Domingo de Guzmán (Zona urbana) > Los Ríos > Los Ríos,True,ONE,,,
10,01,01,01,01,005,02,sub_barrio,Colinas de Los Ríos,Colinas de Los Ríos,colinas de los rios,10-01-01-01-01-005-00,10-01-01-01-01-005-02,Distrito Nacional > Santo Domingo de Guzmán > Santo Domingo de Guzmán > Santo Domingo de Guzmán (Zona urbana) > Los Ríos > Colinas de Los Ríos,True,ONE,,,
10,01,01,01,01,005,03,sub_barrio,Residencial Colinas del Seminario,Residencial Colinas del Seminario,residencial colinas del seminario,10-01-01-01-01-005-00,10-01-01-01-01-005-03,Distrito Nacional > Santo Domingo de Guzmán > Santo Domingo de Guzmán > Santo Domingo de Guzmán (Zona urbana) > Los Ríos > Residencial Colinas del Seminario,True,ONE,,,
10,01,01,01,01,005,04,sub_barrio,Pradera Hermosa,Pradera Hermosa,pradera hermosa,10-01-01-01-01-005-00,10-01-01-01-01-005-04,Distrito Nacional > Santo Domingo de Guzmán > Santo Domingo de Guzmán > Santo Domingo de Guzmán (Zona urbana) > Los Ríos > Pradera Hermosa,True,ONE,,,
10,01,01,01,01,005,05,sub_barrio,Residencial Yuca de Los Ríos,Residencial Yuca de Los Ríos,residencial yuca de los rios,10-01-01-01-01-005-00,10-01-01-01-01-005-05,Distrito Nacional > Santo Domingo de Guzmán > Santo Domingo de Guzmán > Santo Domingo de Guzmán (Zona urbana) > Los Ríos > Residencial Yuca de Los Ríos,True,ONE,,,
10,01,01,01,01,005,06,sub_barrio,El Caliche,El Caliche,el caliche,10-01-01-01-01-005-00,10-01-01-01-01-005-06,Distrito Nacional > Santo Domingo de Guzmán > Santo Domingo de Guzmán > Santo Domingo de Guzmán (Zona urbana) > Los Ríos > El Caliche,True,ONE,,,
10,01,01,01,01,005,07,sub_barrio,Los Pinos,Los Pinos,los pinos,10-01-01-01-01-005-00,10-01-01-01-01-005-07,Distrito Nacional > Santo Domingo de Guzmán > Santo Domingo de Guzmán > Santo Domingo de Guzmán (Zona urbana) > Los Ríos > Los Pinos,True,ONE,,,
10,01,01,01,01,005,08,sub_barrio,Villa Marina,Villa Marina,villa marina,10-01-01-01-01-005-00,10-01-01-01-01-005-08,Distrito Nacional > Santo Domingo de Guzmán > Santo Domingo de Guzmán > Santo Domingo de Guzmán (Zona urbana) > Los Ríos > Villa Marina,True,ONE,,,
10,01,01,01,01,005,09,sub_barrio,Esperanza,Esperanza,esperanza,10-01-01-01-01-005-00,10-01-01-01-01-005-09,Distrito Nacional > Santo Domingo de Guzmán > Santo Domingo de Guzmán > Santo Domingo de Guzmán (Zona urbana) > Los Ríos > Esperanza,True,ONE,,,
10,01,01,01,01,006,00,barrio_paraje,Puerto Isabela,Puerto Isabela,puerto isabela,10-01-01-01-01-000-00,10-01-01-01-01-006-00,Distrito Nacional > Santo Domingo de Guzmán > Santo Domingo de Guzmán > Santo Domingo de Guzmán (Zona urbana) > Puerto Isabela,True,ONE,,,
10,01,01,01,01,006,01,sub_barrio,Puerto Isabela,Puerto Isabela,puerto isabela,10-01-01-01-01-006-00,10-01-01-01-01-006-01,Distrito Nacional > Santo Domingo de Guzmán > Santo Domingo de Guzmán > Santo Domingo de Guzmán (Zona urbana) > Puerto Isabela > Puerto Isabela,True,ONE,,,
10,01,01,01,01,006,02,sub_barrio,La Goya,La Goya,la goya,10-01-01-01-01-006-00,10-01-01-01-01-006-02,Distrito Nacional > Santo Domingo de Guzmán > Santo Domingo de Guzmán > Santo Domingo de Guzmán (Zona urbana) > Puerto Isabela > La Goya,True,ONE,,,
10,01,01,01,01,007,00,barrio_paraje,Honduras del oeste,Honduras del oeste,honduras del oeste,10-01-01-01-01-000-00,10-01-01-01-01-007-00,Distrito Nacional > Santo Domingo de Guzmán > Santo Domingo de Guzmán > Santo Domingo de Guzmán (Zona urbana) > Honduras del oeste,True,ONE,,,
10,01,01,01,01,007,01,sub_barrio,Honduras del Oeste,Honduras del Oeste,honduras del oeste,10-01-01-01-01-007-00,10-01-01-01-01-007-01,Distrito Nacional > Santo Domingo de Guzmán > Santo Domingo de Guzmán > Santo Domingo de Guzmán (Zona urbana) > Honduras del oeste > Honduras del Oeste,True,ONE,,,
10,01,01,01,01,007,02,sub_barrio,Aesa,Aesa,aesa,10-01-01-01-01-007-00,10-01-01-01-01-007-02,Distrito Nacional > Santo Domingo de Guzmán > Santo Domingo de Guzmán > Santo Domingo de Guzmán (Zona urbana) > Honduras del oeste > Aesa,True,ONE,,,
10,01,01,01,01,007,03,sub_barrio,Luz Consuelo Sur,Luz Consuelo Sur,luz consuelo sur,10-01-01-01-01-007-00,10-01-01-01-01-007-03,Distrito Nacional > Santo Domingo de Guzmán > Santo Domingo de Guzmán > Santo Domingo de Guzmán (Zona urbana) > Honduras del oeste > Luz Consuelo Sur,True,ONE,,,
10,01,01,01,01,007,04,sub_barrio,Atlántida,Atlántida,atlantida,10-01-01-01-01-007-00,10-01-01-01-01-007-04,Distrito Nacional > Santo Domingo de Guzmán > Santo Domingo de Guzmán > Santo Domingo de Guzmán (Zona urbana) > Honduras del oeste > Atlántida,True,ONE,,,
10,01,01,01,01,007,05,sub_barrio,16 de Agosto,16 de Agosto,16 de agosto,10-01-01-01-01-007-00,10-01-01-01-01-007-05,Distrito Nacional > Santo Domingo de Guzmán > Santo Domingo de Guzmán > Santo Domingo de Guzmán (Zona urbana) > Honduras del oeste > 16 de Agosto,True,ONE,,,
10,01,01,01,01,007,06,sub_barrio,Los Olmos,Los Olmos,los olmos,10-01-01-01-01-007-00,10-01-01-01-01-007-06,Distrito Nacional > Santo Domingo de Guzmán > Santo Domingo de Guzmán > Santo Domingo de Guzmán (Zona urbana) > Honduras del oeste > Los Olmos,True,ONE,,,
10,01,01,01,01,007,07,sub_barrio,INVI Sur,INVI Sur,invi sur,10-01-01-01-01-007-00,10-01-01-01-01-007-07,Distrito Nacional > Santo Domingo de Guzmán > Santo Domingo de Guzmán > Santo Domingo de Guzmán (Zona urbana) > Honduras del oeste > INVI Sur,True,ONE,,,
10,01,01,01,01,008,00,barrio_paraje,Honduras del Norte,Honduras del Norte,honduras del norte,10-01-01-01-01-000-00,10-01-01-01-01-008-00,Distrito Nacional > Santo Domingo de Guzmán > Santo Domingo de Guzmán > Santo Domingo de Guzmán (Zona urbana) > Honduras del Norte,True,ONE,,,
10,01,01,01,01,008,01,sub_barrio,Honduras del Norte,Honduras del Norte,honduras del norte,10-01-01-01-01-008-00,10-01-01-01-01-008-01,Distrito Nacional > Santo Domingo de Guzmán > Santo Domingo de Guzmán > Santo Domingo de Guzmán (Zona urbana) > Honduras del Norte > Honduras del Norte,True,ONE,,,
10,01,01,01,01,008,02,sub_barrio,Sandra I,Sandra I,sandra i,10-01-01-01-01-008-00,10-01-01-01-01-008-02,Distrito Nacional > Santo Domingo de Guzmán > Santo Domingo de Guzmán > Santo Domingo de Guzmán (Zona urbana) > Honduras del Norte > Sandra I,True,ONE,,,
10,01,01,01,01,008,03,sub_barrio,Sandra II,Sandra II,sandra ii,10-01-01-01-01-008-00,10-01-01-01-01-008-03,Distrito Nacional > Santo Domingo de Guzmán > Santo Domingo de Guzmán > Santo Domingo de Guzmán (Zona urbana) > Honduras del Norte > Sandra II,True,ONE,,,
10,01,01,01,01,008,04,sub_barrio,Luz Consuelo Norte,Luz Consuelo Norte,luz consuelo norte,10-01-01-01-01-008-00,10-01-01-01-01-008-04,Distrito Nacional > Santo Domingo de Guzmán > Santo Domingo de Guzmán > Santo Domingo de Guzmán (Zona urbana) > Honduras del Norte > Luz Consuelo Norte,True,ONE,,,
10,01,01,01,01,008,05,sub_barrio,Proyecto José Contreras,Proyecto José Contreras,proyecto jose contreras,10-01-01-01-01-008-00,10-01-01-01-01-008-05,Distrito Nacional > Santo Domingo de Guzmán > Santo Domingo de Guzmán > Santo Domingo de Guzmán (Zona urbana) > Honduras del Norte > Proyecto José Contreras,True,ONE,,,
10,01,01,01,01,008,06,sub_barrio,Gacela,Gacela,gacela,10-01-01-01-01-008-00,10-01-01-01-01-008-06,Distrito Nacional > Santo Domingo de Guzmán > Santo Domingo de Guzmán > Santo Domingo de Guzmán (Zona urbana) > Honduras del Norte > Gacela,True,ONE,,,
10,01,01,01,01,009,00,barrio_paraje,Paseo de Los Indios ó Parque Mirador Sur,Paseo de Los Indios ó Parque Mirador Sur,paseo de los indios o parque mirador sur,10-01-01-01-01-000-00,10-01-01-01-01-009-00,Distrito Nacional > Santo Domingo de Guzmán > Santo Domingo de Guzmán > Santo Domingo de Guzmán (Zona urbana) > Paseo de Los Indios ó Parque Mirador Sur,True,ONE,,,
10,01,01,01,01,009,01,sub_barrio,Paseo de Los Indios ó Parque Mirador Sur,Paseo de Los Indios ó Parque Mirador Sur,paseo de los indios o parque mirador sur,10-01-01-01-01-009-00,10-01-01-01-01-009-01,Distrito Nacional > Santo Domingo de Guzmán > Santo Domingo de Guzmán > Santo Domingo de Guzmán (Zona urbana) > Paseo de Los Indios ó Parque Mirador Sur > Paseo de Los Indios ó Parque Mirador Sur,True,ONE,,,
10,01,01,01,01,009,02,sub_barrio,Manresa ó Altagracia,Manresa ó Altagracia,manresa o altagracia,10-01-01-01-01-009-00,10-01-01-01-01-009-02,Distrito Nacional > Santo Domingo de Guzmán > Santo Domingo de Guzmán > Santo Domingo de Guzmán (Zona urbana) > Paseo de Los Indios ó Parque Mirador Sur > Manresa ó Altagracia,True,ONE,,,
10,01,01,01,01,010,00,barrio_paraje,Los Cacicazgos,Los Cacicazgos,los cacicazgos,10-01-01-01-01-000-00,10-01-01-01-01-010-00,Distrito Nacional > Santo Domingo de Guzmán > Santo Domingo de Guzmán > Santo Domingo de Guzmán (Zona urbana) > Los Cacicazgos,True,ONE,,,
10,01,01,01,01,010,01,sub_barrio,Los Cacicazgos,Los Cacicazgos,los cacicazgos,10-01-01-01-01-010-00,10-01-01-01-01-010-01,Distrito Nacional > Santo Domingo de Guzmán > Santo Domingo de Guzmán > Santo Domingo de Guzmán (Zona urbana) > Los Cacicazgos > Los Cacicazgos,True,ONE,,,
10,01,01,01,01,011,00,barrio_paraje,Renacimiento,Renacimiento,renacimiento,10-01-01-01-01-000-00,10-01-01-01-01-011-00,Distrito Nacional > Santo Domingo de Guzmán > Santo Domingo de Guzmán > Santo Domingo de Guzmán (Zona urbana) > Renacimiento,True,ONE,,,
10,01,01,01,01,011,01,sub_barrio,Renacimiento,Renacimiento,renacimiento,10-01-01-01-01-011-00,10-01-01-01-01-011-01,Distrito Nacional > Santo Domingo de Guzmán > Santo Domingo de Guzmán > Santo Domingo de Guzmán (Zona urbana) > Renacimiento > Renacimiento,True,ONE,,,
10,01,01,01,01,011,02,sub_barrio,Urbanización Real,Urbanización Real,urbanizacion real,10-01-01-01-01-011-00,10-01-01-01-01-011-02,Distrito Nacional > Santo Domingo de Guzmán > Santo Domingo de Guzmán > Santo Domingo de Guzmán (Zona urbana) > Renacimiento > Urbanización Real,True,ONE,,,
10,01,01,01,01,012,00,barrio_paraje,los restauradores,los restauradores,los restauradores,10-01-01-01-01-000-00,10-01-01-01-01-012-00,Distrito Nacional > Santo Domingo de Guzmán > Santo Domingo de Guzmán > Santo Domingo de Guzmán (Zona urbana) > los restauradores,True,ONE,,,
10,01,01,01,01,012,01,sub_barrio,Los Restauradores,Los Restauradores,los restauradores,10-01-01-01-01-012-00,10-01-01-01-01-012-01,Distrito Nacional > Santo Domingo de Guzmán > Santo Domingo de Guzmán > Santo Domingo de Guzmán (Zona urbana) > los restauradores > Los Restauradores,True,ONE,,,
10,01,01,01,01,012,02,sub_barrio,Residencial Rosmil,Residencial Rosmil,residencial rosmil,10-01-01-01-01-012-00,10-01-01-01-01-012-02,Distrito Nacional > Santo Domingo de Guzmán > Santo Domingo de Guzmán > Santo Domingo de Guzmán (Zona urbana) > los restauradores > Residencial Rosmil,True,ONE,,,
10,01,01,01,01,012,03,sub_barrio,Manganagua,Manganagua,manganagua,10-01-01-01-01-012-00,10-01-01-01-01-012-03,Distrito Nacional > Santo Domingo de Guzmán > Santo Domingo de Guzmán > Santo Domingo de Guzmán (Zona urbana) > los restauradores > Manganagua,True,ONE,,,
10,01,01,01,01,012,04,sub_barrio,Milloncito,Milloncito,milloncito,10-01-01-01-01-012-00,10-01-01-01-01-012-04,Distrito Nacional > Santo Domingo de Guzmán > Santo Domingo de Guzmán > Santo Domingo de Guzmán (Zona urbana) > los restauradores > Milloncito,True,ONE,,,
10,01,01,01,01,013,00,barrio_paraje,San Jerónimo,San Jerónimo,san jeronimo,10-01-01-01-01-000-00,10-01-01-01-01-013-00,Distrito Nacional > Santo Domingo de Guzmán > Santo Domingo de Guzmán > Santo Domingo de Guzmán (Zona urbana) > San Jerónimo,True,ONE,,,
10,01,01,01,01,013,01,sub_barrio,San Jerónimo,San Jerónimo,san jeronimo,10-01-01-01-01-013-00,10-01-01-01-01-013-01,Distrito Nacional > Santo Domingo de Guzmán > Santo Domingo de Guzmán > Santo Domingo de Guzmán (Zona urbana) > San Jerónimo > San Jerónimo,True,ONE,,,
10,01,01,01,01,013,02,sub_barrio,Estancia Nueva,Estancia Nueva,estancia nueva,10-01-01-01-01-013-00,10-01-01-01-01-013-02,Distrito Nacional > Santo Domingo de Guzmán > Santo Domingo de Guzmán > Santo Domingo de Guzmán (Zona urbana) > San Jerónimo > Estancia Nueva,True,ONE,,,
10,01,01,01,01,013,03,sub_barrio,Ciudad Moderna,Ciudad Moderna,ciudad moderna,10-01-01-01-01-013-00,10-01-01-01-01-013-03,Distrito Nacional > Santo Domingo de Guzmán > Santo Domingo de Guzmán > Santo Domingo de Guzmán (Zona urbana) > San Jerónimo > Ciudad Moderna,True,ONE,,,
10,01,01,01,01,013,04,sub_barrio,Los Pinos,Los Pinos,los pinos,10-01-01-01-01-013-00,10-01-01-01-01-013-04,Distrito Nacional > Santo Domingo de Guzmán > Santo Domingo de Guzmán > Santo Domingo de Guzmán (Zona urbana) > San Jerónimo > Los Pinos,True,ONE,,,
10,01,01,01,01,013,05,sub_barrio,Las Praderas,Las Praderas,las praderas,10-01-01-01-01-013-00,10-01-01-01-01-013-05,Distrito Nacional > Santo Domingo de Guzmán > Santo Domingo de Guzmán > Santo Domingo de Guzmán (Zona urbana) > San Jerónimo > Las Praderas,True,ONE,,,
10,01,01,01,01,013,06,sub_barrio,Los Laureles,Los Laureles,los laureles,10-01-01-01-01-013-00,10-01-01-01-01-013-06,Distrito Nacional > Santo Domingo de Guzmán > Santo Domingo de Guzmán > Santo Domingo de Guzmán (Zona urbana) > San Jerónimo > Los Laureles,True,ONE,,,
10,01,01,01,01,014,00,barrio_paraje,los Jardines,los Jardines,los jardines,10-01-01-01-01-000-00,10-01-01-01-01-014-00,Distrito Nacional > Santo Domingo de Guzmán > Santo Domingo de Guzmán > Santo Domingo de Guzmán (Zona urbana) > los Jardines,True,ONE,,,
10,01,01,01,01,014,01,sub_barrio,Los Jardines,Los Jardines,los jardines,10-01-01-01-01-014-00,10-01-01-01-01-014-01,Distrito Nacional > Santo Domingo de Guzmán > Santo Domingo de Guzmán > Santo Domingo de Guzmán (Zona urbana) > los Jardines > Los Jardines,True,ONE,,,
10,01,01,01,01,014,02,sub_barrio,Los Próceres,Los Próceres,los proceres,10-01-01-01-01-014-00,10-01-01-01-01-014-02,Distrito Nacional > Santo Domingo de Guzmán > Santo Domingo de Guzmán > Santo Domingo de Guzmán (Zona urbana) > los Jardines > Los Próceres,True,ONE,,,
10,01,01,01,01,014,03,sub_barrio,Galá,Galá,gala,10-01-01-01-01-014-00,10-01-01-01-01-014-03,Distrito Nacional > Santo Domingo de Guzmán > Santo Domingo de Guzmán > Santo Domingo de Guzmán (Zona urbana) > los Jardines > Galá,True,ONE,,,
10,01,01,01,01,014,04,sub_barrio,Constelación,Constelación,constelacion,10-01-01-01-01-014-00,10-01-01-01-01-014-04,Distrito Nacional > Santo Domingo de Guzmán > Santo Domingo de Guzmán > Santo Domingo de Guzmán (Zona urbana) > los Jardines > Constelación,True,ONE,,,
10,01,01,01,01,014,05,sub_barrio,Country Club,Country Club,country club,10-01-01-01-01-014-00,10-01-01-01-01-014-05,Distrito Nacional > Santo Domingo de Guzmán > Santo Domingo de Guzmán > Santo Domingo de Guzmán (Zona urbana) > los Jardines > Country Club,True,ONE,,,
10,01,01,01,01,014,06,sub_barrio,La Yagüita,La Yagüita,la yaguita,10-01-01-01-01-014-00,10-01-01-01-01-014-06,Distrito Nacional > Santo Domingo de Guzmán > Santo Domingo de Guzmán > Santo Domingo de Guzmán (Zona urbana) > los Jardines > La Yagüita,True,ONE,,,
10,01,01,01,01,015,00,barrio_paraje,Jardín Botánico,Jardín Botánico,jardin botanico,10-01-01-01-01-000-00,10-01-01-01-01-015-00,Distrito Nacional > Santo Domingo de Guzmán > Santo Domingo de Guzmán > Santo Domingo de Guzmán (Zona urbana) > Jardín Botánico,True,ONE,,,
10,01,01,01,01,015,01,sub_barrio,Jardín Botánico,Jardín Botánico,jardin botanico,10-01-01-01-01-015-00,10-01-01-01-01-015-01,Distrito Nacional > Santo Domingo de Guzmán > Santo Domingo de Guzmán > Santo Domingo de Guzmán (Zona urbana) > Jardín Botánico > Jardín Botánico,True,ONE,,,
10,01,01,01,01,016,00,barrio_paraje,Nuevo Arroyo Hondo,Nuevo Arroyo Hondo,nuevo arroyo hondo,10-01-01-01-01-000-00,10-01-01-01-01-016-00,Distrito Nacional > Santo Domingo de Guzmán > Santo Domingo de Guzmán > Santo Domingo de Guzmán (Zona urbana) > Nuevo Arroyo Hondo,True,ONE,,,
10,01,01,01,01,016,01,sub_barrio,Nuevo Arroyo Hondo,Nuevo Arroyo Hondo,nuevo arroyo hondo,10-01-01-01-01-016-00,10-01-01-01-01-016-01,Distrito Nacional > Santo Domingo de Guzmán > Santo Domingo de Guzmán > Santo Domingo de Guzmán (Zona urbana) > Nuevo Arroyo Hondo > Nuevo Arroyo Hondo,True,ONE,,,
10,01,01,01,01,016,02,sub_barrio,Perantuén,Perantuén,perantuen,10-01-01-01-01-016-00,10-01-01-01-01-016-02,Distrito Nacional > Santo Domingo de Guzmán > Santo Domingo de Guzmán > Santo Domingo de Guzmán (Zona urbana) > Nuevo Arroyo Hondo > Perantuén,True,ONE,,,
10,01,01,01,01,016,03,sub_barrio,Nuevo Arroyo Hondo III,Nuevo Arroyo Hondo III,nuevo arroyo hondo iii,10-01-01-01-01-016-00,10-01-01-01-01-016-03,Distrito Nacional > Santo Domingo de Guzmán > Santo Domingo de Guzmán > Santo Domingo de Guzmán (Zona urbana) > Nuevo Arroyo Hondo > Nuevo Arroyo Hondo III,True,ONE,,,
10,01,01,01,01,016,04,sub_barrio,Los Ramírez,Los Ramírez,los ramirez,10-01-01-01-01-016-00,10-01-01-01-01-016-04,Distrito Nacional > Santo Domingo de Guzmán > Santo Domingo de Guzmán > Santo Domingo de Guzmán (Zona urbana) > Nuevo Arroyo Hondo > Los Ramírez,True,ONE,,,
10,01,01,01,01,016,05,sub_barrio,Los Galíndez,Los Galíndez,los galindez,10-01-01-01-01-016-00,10-01-01-01-01-016-05,Distrito Nacional > Santo Domingo de Guzmán > Santo Domingo de Guzmán > Santo Domingo de Guzmán (Zona urbana) > Nuevo Arroyo Hondo > Los Galíndez,True,ONE,,,
10,01,01,01,01,016,06,sub_barrio,Cuba,Cuba,cuba,10-01-01-01-01-016-00,10-01-01-01-01-016-06,Distrito Nacional > Santo Domingo de Guzmán > Santo Domingo de Guzmán > Santo Domingo de Guzmán (Zona urbana) > Nuevo Arroyo Hondo > Cuba,True,ONE,,,
10,01,01,01,01,016,07,sub_barrio,Cuesta Hermosa I,Cuesta Hermosa I,cuesta hermosa i,10-01-01-01-01-016-00,10-01-01-01-01-016-07,Distrito Nacional > Santo Domingo de Guzmán > Santo Domingo de Guzmán > Santo Domingo de Guzmán (Zona urbana) > Nuevo Arroyo Hondo > Cuesta Hermosa I,True,ONE,,,
10,01,01,01,01,016,08,sub_barrio,Lomas de Arroyo Hondo,Lomas de Arroyo Hondo,lomas de arroyo hondo,10-01-01-01-01-016-00,10-01-01-01-01-016-08,Distrito Nacional > Santo Domingo de Guzmán > Santo Domingo de Guzmán > Santo Domingo de Guzmán (Zona urbana) > Nuevo Arroyo Hondo > Lomas de Arroyo Hondo,True,ONE,,,
10,01,01,01,01,016,09,sub_barrio,La Puya,La Puya,la puya,10-01-01-01-01-016-00,10-01-01-01-01-016-09,Distrito Nacional > Santo Domingo de Guzmán > Santo Domingo de Guzmán > Santo Domingo de Guzmán (Zona urbana) > Nuevo Arroyo Hondo > La Puya,True,ONE,,,
10,01,01,01,01,016,10,sub_barrio,Azul,Azul,azul,10-01-01-01-01-016-00,10-01-01-01-01-016-10,Distrito Nacional > Santo Domingo de Guzmán > Santo Domingo de Guzmán > Santo Domingo de Guzmán (Zona urbana) > Nuevo Arroyo Hondo > Azul,True,ONE,,,
10,01,01,01,01,016,11,sub_barrio,Colinas de Arroyo Hondo,Colinas de Arroyo Hondo,colinas de arroyo hondo,10-01-01-01-01-016-00,10-01-01-01-01-016-11,Distrito Nacional > Santo Domingo de Guzmán > Santo Domingo de Guzmán > Santo Domingo de Guzmán (Zona urbana) > Nuevo Arroyo Hondo > Colinas de Arroyo Hondo,True,ONE,,,
10,01,01,01,01,016,12,sub_barrio,Residencial Karla,Residencial Karla,residencial karla,10-01-01-01-01-016-00,10-01-01-01-01-016-12,Distrito Nacional > Santo Domingo de Guzmán > Santo Domingo de Guzmán > Santo Domingo de Guzmán (Zona urbana) > Nuevo Arroyo Hondo > Residencial Karla,True,ONE,,,
10,01,01,01,01,016,13,sub_barrio,El Aguacate,El Aguacate,el aguacate,10-01-01-01-01-016-00,10-01-01-01-01-016-13,Distrito Nacional > Santo Domingo de Guzmán > Santo Domingo de Guzmán > Santo Domingo de Guzmán (Zona urbana) > Nuevo Arroyo Hondo > El Aguacate,True,ONE,,,
10,01,01,01,01,016,14,sub_barrio,Altos de Arroyo Hondo II,Altos de Arroyo Hondo II,altos de arroyo hondo ii,10-01-01-01-01-016-00,10-01-01-01-01-016-14,Distrito Nacional > Santo Domingo de Guzmán > Santo Domingo de Guzmán > Santo Domingo de Guzmán (Zona urbana) > Nuevo Arroyo Hondo > Altos de Arroyo Hondo II,True,ONE,,,
10,01,01,01,01,016,15,sub_barrio,Residencial Sebastián III,Residencial Sebastián III,residencial sebastian iii,10-01-01-01-01-016-00,10-01-01-01-01-016-15,Distrito Nacional > Santo Domingo de Guzmán > Santo Domingo de Guzmán > Santo Domingo de Guzmán (Zona urbana) > Nuevo Arroyo Hondo > Residencial Sebastián III,True,ONE,,,
10,01,01,01,01,016,16,sub_barrio,Residencial Milenium V-IX,Residencial Milenium V-IX,residencial milenium v ix,10-01-01-01-01-016-00,10-01-01-01-01-016-16,Distrito Nacional > Santo Domingo de Guzmán > Santo Domingo de Guzmán > Santo Domingo de Guzmán (Zona urbana) > Nuevo Arroyo Hondo > Residencial Milenium V-IX,True,ONE,,,
10,01,01,01,01,016,17,sub_barrio,Residencial Sebastián,Residencial Sebastián,residencial sebastian,10-01-01-01-01-016-00,10-01-01-01-01-016-17,Distrito Nacional > Santo Domingo de Guzmán > Santo Domingo de Guzmán > Santo Domingo de Guzmán (Zona urbana) > Nuevo Arroyo Hondo > Residencial Sebastián,True,ONE,,,
10,01,01,01,01,016,18,sub_barrio,Residencial La Rama,Residencial La Rama,residencial la rama,10-01-01-01-01-016-00,10-01-01-01-01-016-18,Distrito Nacional > Santo Domingo de Guzmán > Santo Domingo de Guzmán > Santo Domingo de Guzmán (Zona urbana) > Nuevo Arroyo Hondo > Residencial La Rama,True,ONE,,,
10,01,01,01,01,016,19,sub_barrio,Residencial QD,Residencial QD,residencial qd,10-01-01-01-01-016-00,10-01-01-01-01-016-19,Distrito Nacional > Santo Domingo de Guzmán > Santo Domingo de Guzmán > Santo Domingo de Guzmán (Zona urbana) > Nuevo Arroyo Hondo > Residencial QD,True,ONE,,,
10,01,01,01,01,016,20,sub_barrio,Residencial Riveras del Arroyo,Residencial Riveras del Arroyo,residencial riveras del arroyo,10-01-01-01-01-016-00,10-01-01-01-01-016-20,Distrito Nacional > Santo Domingo de Guzmán > Santo Domingo de Guzmán > Santo Domingo de Guzmán (Zona urbana) > Nuevo Arroyo Hondo > Residencial Riveras del Arroyo,True,ONE,,,
10,01,01,01,01,017,00,barrio_paraje,Cerros de Arroyo Hondo,Cerros de Arroyo Hondo,cerros de arroyo hondo,10-01-01-01-01-000-00,10-01-01-01-01-017-00,Distrito Nacional > Santo Domingo de Guzmán > Santo Domingo de Guzmán > Santo Domingo de Guzmán (Zona urbana) > Cerros de Arroyo Hondo,True,ONE,,,
10,01,01,01,01,017,01,sub_barrio,Cerros de Arroyo Hondo,Cerros de Arroyo Hondo,cerros de arroyo hondo,10-01-01-01-01-017-00,10-01-01-01-01-017-01,Distrito Nacional > Santo Domingo de Guzmán > Santo Domingo de Guzmán > Santo Domingo de Guzmán (Zona urbana) > Cerros de Arroyo Hondo > Cerros de Arroyo Hondo,True,ONE,,,
10,01,01,01,01,017,02,sub_barrio,Cuesta Hermosa III,Cuesta Hermosa III,cuesta hermosa iii,10-01-01-01-01-017-00,10-01-01-01-01-017-02,Distrito Nacional > Santo Domingo de Guzmán > Santo Domingo de Guzmán > Santo Domingo de Guzmán (Zona urbana) > Cerros de Arroyo Hondo > Cuesta Hermosa III,True,ONE,,,
10,01,01,01,01,017,03,sub_barrio,Los Totumos,Los Totumos,los totumos,10-01-01-01-01-017-00,10-01-01-01-01-017-03,Distrito Nacional > Santo Domingo de Guzmán > Santo Domingo de Guzmán > Santo Domingo de Guzmán (Zona urbana) > Cerros de Arroyo Hondo > Los Totumos,True,ONE,,,
10,01,01,01,01,017,04,sub_barrio,Isabel Vilas,Isabel Vilas,isabel vilas,10-01-01-01-01-017-00,10-01-01-01-01-017-04,Distrito Nacional > Santo Domingo de Guzmán > Santo Domingo de Guzmán > Santo Domingo de Guzmán (Zona urbana) > Cerros de Arroyo Hondo > Isabel Vilas,True,ONE,,,
10,01,01,01,01,017,05,sub_barrio,Cuesta Hermosa II,Cuesta Hermosa II,cuesta hermosa ii,10-01-01-01-01-017-00,10-01-01-01-01-017-05,Distrito Nacional > Santo Domingo de Guzmán > Santo Domingo de Guzmán > Santo Domingo de Guzmán (Zona urbana) > Cerros de Arroyo Hondo > Cuesta Hermosa II,True,ONE,,,
10,01,01,01,01,018,00,barrio_paraje,Viejo Arroyo Hondo,Viejo Arroyo Hondo,viejo arroyo hondo,10-01-01-01-01-000-00,10-01-01-01-01-018-00,Distrito Nacional > Santo Domingo de Guzmán > Santo Domingo de Guzmán > Santo Domingo de Guzmán (Zona urbana) > Viejo Arroyo Hondo,True,ONE,,,
10,01,01,01,01,018,01,sub_barrio,Viejo Arroyo Hondo,Viejo Arroyo Hondo,viejo arroyo hondo,10-01-01-01-01-018-00,10-01-01-01-01-018-01,Distrito Nacional > Santo Domingo de Guzmán > Santo Domingo de Guzmán > Santo Domingo de Guzmán (Zona urbana) > Viejo Arroyo Hondo > Viejo Arroyo Hondo,True,ONE,,,
10,01,01,01,01,018,02,sub_barrio,San Rafael,San Rafael,san rafael,10-01-01-01-01-018-00,10-01-01-01-01-018-02,Distrito Nacional > Santo Domingo de Guzmán > Santo Domingo de Guzmán > Santo Domingo de Guzmán (Zona urbana) > Viejo Arroyo Hondo > San Rafael,True,ONE,,,
10,01,01,01,01,018,03,sub_barrio,Puerto Rico,Puerto Rico,puerto rico,10-01-01-01-01-018-00,10-01-01-01-01-018-03,Distrito Nacional > Santo Domingo de Guzmán > Santo Domingo de Guzmán > Santo Domingo de Guzmán (Zona urbana) > Viejo Arroyo Hondo > Puerto Rico,True,ONE,,,
10,01,01,01,01,018,04,sub_barrio,El Pino,El Pino,el pino,10-01-01-01-01-018-00,10-01-01-01-01-018-04,Distrito Nacional > Santo Domingo de Guzmán > Santo Domingo de Guzmán > Santo Domingo de Guzmán (Zona urbana) > Viejo Arroyo Hondo > El Pino,True,ONE,,,
10,01,01,01,01,018,05,sub_barrio,El Cerro,El Cerro,el cerro,10-01-01-01-01-018-00,10-01-01-01-01-018-05,Distrito Nacional > Santo Domingo de Guzmán > Santo Domingo de Guzmán > Santo Domingo de Guzmán (Zona urbana) > Viejo Arroyo Hondo > El Cerro,True,ONE,,,
10,01,01,01,01,019,00,barrio_paraje,Paraíso,Paraíso,paraiso,10-01-01-01-01-000-00,10-01-01-01-01-019-00,Distrito Nacional > Santo Domingo de Guzmán > Santo Domingo de Guzmán > Santo Domingo de Guzmán (Zona urbana) > Paraíso,True,ONE,,,
10,01,01,01,01,019,01,sub_barrio,Paraíso,Paraíso,paraiso,10-01-01-01-01-019-00,10-01-01-01-01-019-01,Distrito Nacional > Santo Domingo de Guzmán > Santo Domingo de Guzmán > Santo Domingo de Guzmán (Zona urbana) > Paraíso > Paraíso,True,ONE,,,
10,01,01,01,01,019,02,sub_barrio,Los Platanitos,Los Platanitos,los platanitos,10-01-01-01-01-019-00,10-01-01-01-01-019-02,Distrito Nacional > Santo Domingo de Guzmán > Santo Domingo de Guzmán > Santo Domingo de Guzmán (Zona urbana) > Paraíso > Los Platanitos,True,ONE,,,
10,01,01,01,01,019,03,sub_barrio,Churchill,Churchill,churchill,10-01-01-01-01-019-00,10-01-01-01-01-019-03,Distrito Nacional > Santo Domingo de Guzmán > Santo Domingo de Guzmán > Santo Domingo de Guzmán (Zona urbana) > Paraíso > Churchill,True,ONE,,,
10,01,01,01,01,020,00,barrio_paraje,Julieta Morales,Julieta Morales,julieta morales,10-01-01-01-01-000-00,10-01-01-01-01-020-00,Distrito Nacional > Santo Domingo de Guzmán > Santo Domingo de Guzmán > Santo Domingo de Guzmán (Zona urbana) > Julieta Morales,True,ONE,,,
10,01,01,01,01,020,01,sub_barrio,Julieta Morales,Julieta Morales,julieta morales,10-01-01-01-01-020-00,10-01-01-01-01-020-01,Distrito Nacional > Santo Domingo de Guzmán > Santo Domingo de Guzmán > Santo Domingo de Guzmán (Zona urbana) > Julieta Morales > Julieta Morales,True,ONE,,,
10,01,01,01,01,020,02,sub_barrio,Los Praditos,Los Praditos,los praditos,10-01-01-01-01-020-00,10-01-01-01-01-020-02,Distrito Nacional > Santo Domingo de Guzmán > Santo Domingo de Guzmán > Santo Domingo de Guzmán (Zona urbana) > Julieta Morales > Los Praditos,True,ONE,,,
10,01,01,01,01,020,03,sub_barrio,La Jabilla,La Jabilla,la jabilla,10-01-01-01-01-020-00,10-01-01-01-01-020-03,Distrito Nacional > Santo Domingo de Guzmán > Santo Domingo de Guzmán > Santo Domingo de Guzmán (Zona urbana) > Julieta Morales > La Jabilla,True,ONE,,,
10,01,01,01,01,020,04,sub_barrio,La Carmelita,La Carmelita,la carmelita,10-01-01-01-01-020-00,10-01-01-01-01-020-04,Distrito Nacional > Santo Domingo de Guzmán > Santo Domingo de Guzmán > Santo Domingo de Guzmán (Zona urbana) > Julieta Morales > La Carmelita,True,ONE,,,
10,01,01,01,01,020,05,sub_barrio,Urbanización Fernández,Urbanización Fernández,urbanizacion fernandez,10-01-01-01-01-020-00,10-01-01-01-01-020-05,Distrito Nacional > Santo Domingo de Guzmán > Santo Domingo de Guzmán > Santo Domingo de Guzmán (Zona urbana) > Julieta Morales > Urbanización Fernández,True,ONE,,,
10,01,01,01,01,021,00,barrio_paraje,Los Prados,Los Prados,los prados,10-01-01-01-01-000-00,10-01-01-01-01-021-00,Distrito Nacional > Santo Domingo de Guzmán > Santo Domingo de Guzmán > Santo Domingo de Guzmán (Zona urbana) > Los Prados,True,ONE,,,
10,01,01,01,01,021,01,sub_barrio,Los Prados,Los Prados,los prados,10-01-01-01-01-021-00,10-01-01-01-01-021-01,Distrito Nacional > Santo Domingo de Guzmán > Santo Domingo de Guzmán > Santo Domingo de Guzmán (Zona urbana) > Los Prados > Los Prados,True,ONE,,,
10,01,01,01,01,021,02,sub_barrio,La Castellana,La Castellana,la castellana,10-01-01-01-01-021-00,10-01-01-01-01-021-02,Distrito Nacional > Santo Domingo de Guzmán > Santo Domingo de Guzmán > Santo Domingo de Guzmán (Zona urbana) > Los Prados > La Castellana,True,ONE,,,
10,01,01,01,01,022,00,barrio_paraje,El Millón,El Millón,el millon,10-01-01-01-01-000-00,10-01-01-01-01-022-00,Distrito Nacional > Santo Domingo de Guzmán > Santo Domingo de Guzmán > Santo Domingo de Guzmán (Zona urbana) > El Millón,True,ONE,,,
10,01,01,01,01,022,01,sub_barrio,El Millón,El Millón,el millon,10-01-01-01-01-022-00,10-01-01-01-01-022-01,Distrito Nacional > Santo Domingo de Guzmán > Santo Domingo de Guzmán > Santo Domingo de Guzmán (Zona urbana) > El Millón > El Millón,True,ONE,,,
10,01,01,01,01,023,00,barrio_paraje,Mirador Norte,Mirador Norte,mirador norte,10-01-01-01-01-000-00,10-01-01-01-01-023-00,Distrito Nacional > Santo Domingo de Guzmán > Santo Domingo de Guzmán > Santo Domingo de Guzmán (Zona urbana) > Mirador Norte,True,ONE,,,
10,01,01,01,01,023,01,sub_barrio,Mirador Norte,Mirador Norte,mirador norte,10-01-01-01-01-023-00,10-01-01-01-01-023-01,Distrito Nacional > Santo Domingo de Guzmán > Santo Domingo de Guzmán > Santo Domingo de Guzmán (Zona urbana) > Mirador Norte > Mirador Norte,True,ONE,,,
10,01,01,01,01,024,00,barrio_paraje,Mirador Sur,Mirador Sur,mirador sur,10-01-01-01-01-000-00,10-01-01-01-01-024-00,Distrito Nacional > Santo Domingo de Guzmán > Santo Domingo de Guzmán > Santo Domingo de Guzmán (Zona urbana) > Mirador Sur,True,ONE,,,
10,01,01,01,01,024,01,sub_barrio,Mirador Sur,Mirador Sur,mirador sur,10-01-01-01-01-024-00,10-01-01-01-01-024-01,Distrito Nacional > Santo Domingo de Guzmán > Santo Domingo de Guzmán > Santo Domingo de Guzmán (Zona urbana) > Mirador Sur > Mirador Sur,True,ONE,,,
10,01,01,01,01,024,02,sub_barrio,Los Maestros,Los Maestros,los maestros,10-01-01-01-01-024-00,10-01-01-01-01-024-02,Distrito Nacional > Santo Domingo de Guzmán > Santo Domingo de Guzmán > Santo Domingo de Guzmán (Zona urbana) > Mirador Sur > Los Maestros,True,ONE,,,
10,01,01,01,01,025,00,barrio_paraje,Buenos Aires Mirador,Buenos Aires Mirador,buenos aires mirador,10-01-01-01-01-000-00,10-01-01-01-01-025-00,Distrito Nacional > Santo Domingo de Guzmán > Santo Domingo de Guzmán > Santo Domingo de Guzmán (Zona urbana) > Buenos Aires Mirador,True,ONE,,,
10,01,01,01,01,025,01,sub_barrio,Buenos Aires Mirador,Buenos Aires Mirador,buenos aires mirador,10-01-01-01-01-025-00,10-01-01-01-01-025-01,Distrito Nacional > Santo Domingo de Guzmán > Santo Domingo de Guzmán > Santo Domingo de Guzmán (Zona urbana) > Buenos Aires Mirador > Buenos Aires Mirador,True,ONE,,,
10,01,01,01,01,025,02,sub_barrio,María Josefina,María Josefina,maria josefina,10-01-01-01-01-025-00,10-01-01-01-01-025-02,Distrito Nacional > Santo Domingo de Guzmán > Santo Domingo de Guzmán > Santo Domingo de Guzmán (Zona urbana) > Buenos Aires Mirador > María Josefina,True,ONE,,,
10,01,01,01,01,025,03,sub_barrio,Enriquillo,Enriquillo,enriquillo,10-01-01-01-01-025-00,10-01-01-01-01-025-03,Distrito Nacional > Santo Domingo de Guzmán > Santo Domingo de Guzmán > Santo Domingo de Guzmán (Zona urbana) > Buenos Aires Mirador > Enriquillo,True,ONE,,,
10,01,01,01,01,025,04,sub_barrio,San Gabriel,San Gabriel,san gabriel,10-01-01-01-01-025-00,10-01-01-01-01-025-04,Distrito Nacional > Santo Domingo de Guzmán > Santo Domingo de Guzmán > Santo Domingo de Guzmán (Zona urbana) > Buenos Aires Mirador > San Gabriel,True,ONE,,,
10,01,01,01,01,025,05,sub_barrio,Marién,Marién,marien,10-01-01-01-01-025-00,10-01-01-01-01-025-05,Distrito Nacional > Santo Domingo de Guzmán > Santo Domingo de Guzmán > Santo Domingo de Guzmán (Zona urbana) > Buenos Aires Mirador > Marién,True,ONE,,,
10,01,01,01,01,025,06,sub_barrio,Ofelia,Ofelia,ofelia,10-01-01-01-01-025-00,10-01-01-01-01-025-06,Distrito Nacional > Santo Domingo de Guzmán > Santo Domingo de Guzmán > Santo Domingo de Guzmán (Zona urbana) > Buenos Aires Mirador > Ofelia,True,ONE,,,
10,01,01,01,01,025,07,sub_barrio,Nordesa I,Nordesa I,nordesa i,10-01-01-01-01-025-00,10-01-01-01-01-025-07,Distrito Nacional > Santo Domingo de Guzmán > Santo Domingo de Guzmán > Santo Domingo de Guzmán (Zona urbana) > Buenos Aires Mirador > Nordesa I,True,ONE,,,
10,01,01,01,01,025,08,sub_barrio,Semillero,Semillero,semillero,10-01-01-01-01-025-00,10-01-01-01-01-025-08,Distrito Nacional > Santo Domingo de Guzmán > Santo Domingo de Guzmán > Santo Domingo de Guzmán (Zona urbana) > Buenos Aires Mirador > Semillero,True,ONE,,,
10,01,01,01,01,025,09,sub_barrio,San Miguel,San Miguel,san miguel,10-01-01-01-01-025-00,10-01-01-01-01-025-09,Distrito Nacional > Santo Domingo de Guzmán > Santo Domingo de Guzmán > Santo Domingo de Guzmán (Zona urbana) > Buenos Aires Mirador > San Miguel,True,ONE,,,
10,01,01,01,01,025,10,sub_barrio,Enriquillo,Enriquillo,enriquillo,10-01-01-01-01-025-00,10-01-01-01-01-025-10,Distrito Nacional > Santo Domingo de Guzmán > Santo Domingo de Guzmán > Santo Domingo de Guzmán (Zona urbana) > Buenos Aires Mirador > Enriquillo,True,ONE,,,
10,01,01,01,01,025,11,sub_barrio,Alfimar,Alfimar,alfimar,10-01-01-01-01-025-00,10-01-01-01-01-025-11,Distrito Nacional > Santo Domingo de Guzmán > Santo Domingo de Guzmán > Santo Domingo de Guzmán (Zona urbana) > Buenos Aires Mirador > Alfimar,True,ONE,,,
10,01,01,01,01,025,12,sub_barrio,Enriquillo III,Enriquillo III,enriquillo iii,10-01-01-01-01-025-00,10-01-01-01-01-025-12,Distrito Nacional > Santo Domingo de Guzmán > Santo Domingo de Guzmán > Santo Domingo de Guzmán (Zona urbana) > Buenos Aires Mirador > Enriquillo III,True,ONE,,,
10,01,01,01,01,026,00,barrio_paraje,Miramar,Miramar,miramar,10-01-01-01-01-000-00,10-01-01-01-01-026-00,Distrito Nacional > Santo Domingo de Guzmán > Santo Domingo de Guzmán > Santo Domingo de Guzmán (Zona urbana) > Miramar,True,ONE,,,
10,01,01,01,01,026,01,sub_barrio,Miramar,Miramar,miramar,10-01-01-01-01-026-00,10-01-01-01-01-026-01,Distrito Nacional > Santo Domingo de Guzmán > Santo Domingo de Guzmán > Santo Domingo de Guzmán (Zona urbana) > Miramar > Miramar,True,ONE,,,
10,01,01,01,01,026,02,sub_barrio,Velazcasa,Velazcasa,velazcasa,10-01-01-01-01-026-00,10-01-01-01-01-026-02,Distrito Nacional > Santo Domingo de Guzmán > Santo Domingo de Guzmán > Santo Domingo de Guzmán (Zona urbana) > Miramar > Velazcasa,True,ONE,,,
10,01,01,01,01,026,03,sub_barrio,Gildamar,Gildamar,gildamar,10-01-01-01-01-026-00,10-01-01-01-01-026-03,Distrito Nacional > Santo Domingo de Guzmán > Santo Domingo de Guzmán > Santo Domingo de Guzmán (Zona urbana) > Miramar > Gildamar,True,ONE,,,
10,01,01,01,01,026,04,sub_barrio,Costa Caribe,Costa Caribe,costa caribe,10-01-01-01-01-026-00,10-01-01-01-01-026-04,Distrito Nacional > Santo Domingo de Guzmán > Santo Domingo de Guzmán > Santo Domingo de Guzmán (Zona urbana) > Miramar > Costa Caribe,True,ONE,,,
10,01,01,01,01,026,05,sub_barrio,Beta,Beta,beta,10-01-01-01-01-026-00,10-01-01-01-01-026-05,Distrito Nacional > Santo Domingo de Guzmán > Santo Domingo de Guzmán > Santo Domingo de Guzmán (Zona urbana) > Miramar > Beta,True,ONE,,,
10,01,01,01,01,026,06,sub_barrio,Solimar,Solimar,solimar,10-01-01-01-01-026-00,10-01-01-01-01-026-06,Distrito Nacional > Santo Domingo de Guzmán > Santo Domingo de Guzmán > Santo Domingo de Guzmán (Zona urbana) > Miramar > Solimar,True,ONE,,,
10,01,01,01,01,026,07,sub_barrio,Urbanización Independencia,Urbanización Independencia,urbanizacion independencia,10-01-01-01-01-026-00,10-01-01-01-01-026-07,Distrito Nacional > Santo Domingo de Guzmán > Santo Domingo de Guzmán > Santo Domingo de Guzmán (Zona urbana) > Miramar > Urbanización Independencia,True,ONE,,,
10,01,01,01,01,026,08,sub_barrio,Nordesa III,Nordesa III,nordesa iii,10-01-01-01-01-026-00,10-01-01-01-01-026-08,Distrito Nacional > Santo Domingo de Guzmán > Santo Domingo de Guzmán > Santo Domingo de Guzmán (Zona urbana) > Miramar > Nordesa III,True,ONE,,,
10,01,01,01,01,027,00,barrio_paraje,Tropical Metaldom,Tropical Metaldom,tropical metaldom,10-01-01-01-01-000-00,10-01-01-01-01-027-00,Distrito Nacional > Santo Domingo de Guzmán > Santo Domingo de Guzmán > Santo Domingo de Guzmán (Zona urbana) > Tropical Metaldom,True,ONE,,,
10,01,01,01,01,027,01,sub_barrio,Tropical Metaldom,Tropical Metaldom,tropical metaldom,10-01-01-01-01-027-00,10-01-01-01-01-027-01,Distrito Nacional > Santo Domingo de Guzmán > Santo Domingo de Guzmán > Santo Domingo de Guzmán (Zona urbana) > Tropical Metaldom > Tropical Metaldom,True,ONE,,,
10,01,01,01,01,027,02,sub_barrio,Villa Diana,Villa Diana,villa diana,10-01-01-01-01-027-00,10-01-01-01-01-027-02,Distrito Nacional > Santo Domingo de Guzmán > Santo Domingo de Guzmán > Santo Domingo de Guzmán (Zona urbana) > Tropical Metaldom > Villa Diana,True,ONE,,,
10,01,01,01,01,027,03,sub_barrio,Dominicanos Ausentes,Dominicanos Ausentes,dominicanos ausentes,10-01-01-01-01-027-00,10-01-01-01-01-027-03,Distrito Nacional > Santo Domingo de Guzmán > Santo Domingo de Guzmán > Santo Domingo de Guzmán (Zona urbana) > Tropical Metaldom > Dominicanos Ausentes,True,ONE,,,
10,01,01,01,01,027,04,sub_barrio,Jardines del Caribe,Jardines del Caribe,jardines del caribe,10-01-01-01-01-027-00,10-01-01-01-01-027-04,Distrito Nacional > Santo Domingo de Guzmán > Santo Domingo de Guzmán > Santo Domingo de Guzmán (Zona urbana) > Tropical Metaldom > Jardines del Caribe,True,ONE,,,
10,01,01,01,01,028,00,barrio_paraje,Jardines del Sur,Jardines del Sur,jardines del sur,10-01-01-01-01-000-00,10-01-01-01-01-028-00,Distrito Nacional > Santo Domingo de Guzmán > Santo Domingo de Guzmán > Santo Domingo de Guzmán (Zona urbana) > Jardines del Sur,True,ONE,,,
10,01,01,01,01,028,01,sub_barrio,Jardines del Sur,Jardines del Sur,jardines del sur,10-01-01-01-01-028-00,10-01-01-01-01-028-01,Distrito Nacional > Santo Domingo de Guzmán > Santo Domingo de Guzmán > Santo Domingo de Guzmán (Zona urbana) > Jardines del Sur > Jardines del Sur,True,ONE,,,
10,01,01,01,01,028,02,sub_barrio,Alfimar,Alfimar,alfimar,10-01-01-01-01-028-00,10-01-01-01-01-028-02,Distrito Nacional > Santo Domingo de Guzmán > Santo Domingo de Guzmán > Santo Domingo de Guzmán (Zona urbana) > Jardines del Sur > Alfimar,True,ONE,,,
10,01,01,01,01,028,03,sub_barrio,Las Acacias,Las Acacias,las acacias,10-01-01-01-01-028-00,10-01-01-01-01-028-03,Distrito Nacional > Santo Domingo de Guzmán > Santo Domingo de Guzmán > Santo Domingo de Guzmán (Zona urbana) > Jardines del Sur > Las Acacias,True,ONE,,,
10,01,01,01,01,028,04,sub_barrio,Las Auroras,Las Auroras,las auroras,10-01-01-01-01-028-00,10-01-01-01-01-028-04,Distrito Nacional > Santo Domingo de Guzmán > Santo Domingo de Guzmán > Santo Domingo de Guzmán (Zona urbana) > Jardines del Sur > Las Auroras,True,ONE,,,
10,01,01,01,01,028,05,sub_barrio,Residencial Kg,Residencial Kg,residencial kg,10-01-01-01-01-028-00,10-01-01-01-01-028-05,Distrito Nacional > Santo Domingo de Guzmán > Santo Domingo de Guzmán > Santo Domingo de Guzmán (Zona urbana) > Jardines del Sur > Residencial Kg,True,ONE,,,
10,01,01,01,01,028,06,sub_barrio,San José,San José,san jose,10-01-01-01-01-028-00,10-01-01-01-01-028-06,Distrito Nacional > Santo Domingo de Guzmán > Santo Domingo de Guzmán > Santo Domingo de Guzmán (Zona urbana) > Jardines del Sur > San José,True,ONE,,,
10,01,01,01,01,029,00,barrio_paraje,atala,atala,atala,10-01-01-01-01-000-00,10-01-01-01-01-029-00,Distrito Nacional > Santo Domingo de Guzmán > Santo Domingo de Guzmán > Santo Domingo de Guzmán (Zona urbana) > atala,True,ONE,,,
10,01,01,01,01,029,01,sub_barrio,Atala,Atala,atala,10-01-01-01-01-029-00,10-01-01-01-01-029-01,Distrito Nacional > Santo Domingo de Guzmán > Santo Domingo de Guzmán > Santo Domingo de Guzmán (Zona urbana) > atala > Atala,True,ONE,,,
10,01,01,01,01,029,02,sub_barrio,Roca del Mar,Roca del Mar,roca del mar,10-01-01-01-01-029-00,10-01-01-01-01-029-02,Distrito Nacional > Santo Domingo de Guzmán > Santo Domingo de Guzmán > Santo Domingo de Guzmán (Zona urbana) > atala > Roca del Mar,True,ONE,,,
10,01,01,01,01,029,03,sub_barrio,Kg,Kg,kg,10-01-01-01-01-029-00,10-01-01-01-01-029-03,Distrito Nacional > Santo Domingo de Guzmán > Santo Domingo de Guzmán > Santo Domingo de Guzmán (Zona urbana) > atala > Kg,True,ONE,,,
10,01,01,01,01,029,04,sub_barrio,El Portal,El Portal,el portal,10-01-01-01-01-029-00,10-01-01-01-01-029-04,Distrito Nacional > Santo Domingo de Guzmán > Santo Domingo de Guzmán > Santo Domingo de Guzmán (Zona urbana) > atala > El Portal,True,ONE,,,
10,01,01,01,01,030,00,barrio_paraje,Bella Vista,Bella Vista,bella vista,10-01-01-01-01-000-00,10-01-01-01-01-030-00,Distrito Nacional > Santo Domingo de Guzmán > Santo Domingo de Guzmán > Santo Domingo de Guzmán (Zona urbana) > Bella Vista,True,ONE,,,
10,01,01,01,01,030,01,sub_barrio,Bella Vista,Bella Vista,bella vista,10-01-01-01-01-030-00,10-01-01-01-01-030-01,Distrito Nacional > Santo Domingo de Guzmán > Santo Domingo de Guzmán > Santo Domingo de Guzmán (Zona urbana) > Bella Vista > Bella Vista,True,ONE,,,
10,01,01,01,01,030,02,sub_barrio,El Semillero,El Semillero,el semillero,10-01-01-01-01-030-00,10-01-01-01-01-030-02,Distrito Nacional > Santo Domingo de Guzmán > Santo Domingo de Guzmán > Santo Domingo de Guzmán (Zona urbana) > Bella Vista > El Semillero,True,ONE,,,
10,01,01,01,01,030,03,sub_barrio,Chichiguao,Chichiguao,chichiguao,10-01-01-01-01-030-00,10-01-01-01-01-030-03,Distrito Nacional > Santo Domingo de Guzmán > Santo Domingo de Guzmán > Santo Domingo de Guzmán (Zona urbana) > Bella Vista > Chichiguao,True,ONE,,,
10,01,01,01,01,030,04,sub_barrio,Los Jardines del Embajador,Los Jardines del Embajador,los jardines del embajador,10-01-01-01-01-030-00,10-01-01-01-01-030-04,Distrito Nacional > Santo Domingo de Guzmán > Santo Domingo de Guzmán > Santo Domingo de Guzmán (Zona urbana) > Bella Vista > Los Jardines del Embajador,True,ONE,,,
10,01,01,01,01,031,00,barrio_paraje,Quisqueya,Quisqueya,quisqueya,10-01-01-01-01-000-00,10-01-01-01-01-031-00,Distrito Nacional > Santo Domingo de Guzmán > Santo Domingo de Guzmán > Santo Domingo de Guzmán (Zona urbana) > Quisqueya,True,ONE,,,
10,01,01,01,01,031,01,sub_barrio,Quisqueya,Quisqueya,quisqueya,10-01-01-01-01-031-00,10-01-01-01-01-031-01,Distrito Nacional > Santo Domingo de Guzmán > Santo Domingo de Guzmán > Santo Domingo de Guzmán (Zona urbana) > Quisqueya > Quisqueya,True,ONE,,,
10,01,01,01,01,031,02,sub_barrio,Evaristo Morales,Evaristo Morales,evaristo morales,10-01-01-01-01-031-00,10-01-01-01-01-031-02,Distrito Nacional > Santo Domingo de Guzmán > Santo Domingo de Guzmán > Santo Domingo de Guzmán (Zona urbana) > Quisqueya > Evaristo Morales,True,ONE,,,
10,01,01,01,01,032,00,barrio_paraje,Piantini,Piantini,piantini,10-01-01-01-01-000-00,10-01-01-01-01-032-00,Distrito Nacional > Santo Domingo de Guzmán > Santo Domingo de Guzmán > Santo Domingo de Guzmán (Zona urbana) > Piantini,True,ONE,,,
10,01,01,01,01,032,01,sub_barrio,Piantini,Piantini,piantini,10-01-01-01-01-032-00,10-01-01-01-01-032-01,Distrito Nacional > Santo Domingo de Guzmán > Santo Domingo de Guzmán > Santo Domingo de Guzmán (Zona urbana) > Piantini > Piantini,True,ONE,,,
10,01,01,01,01,032,02,sub_barrio,Ensanche Serrallés,Ensanche Serrallés,ensanche serralles,10-01-01-01-01-032-00,10-01-01-01-01-032-02,Distrito Nacional > Santo Domingo de Guzmán > Santo Domingo de Guzmán > Santo Domingo de Guzmán (Zona urbana) > Piantini > Ensanche Serrallés,True,ONE,,,
10,01,01,01,01,033,00,barrio_paraje,la Julia,la Julia,la julia,10-01-01-01-01-000-00,10-01-01-01-01-033-00,Distrito Nacional > Santo Domingo de Guzmán > Santo Domingo de Guzmán > Santo Domingo de Guzmán (Zona urbana) > la Julia,True,ONE,,,
10,01,01,01,01,033,01,sub_barrio,La Julia,La Julia,la julia,10-01-01-01-01-033-00,10-01-01-01-01-033-01,Distrito Nacional > Santo Domingo de Guzmán > Santo Domingo de Guzmán > Santo Domingo de Guzmán (Zona urbana) > la Julia > La Julia,True,ONE,,,
10,01,01,01,01,033,02,sub_barrio,Seminario,Seminario,seminario,10-01-01-01-01-033-00,10-01-01-01-01-033-02,Distrito Nacional > Santo Domingo de Guzmán > Santo Domingo de Guzmán > Santo Domingo de Guzmán (Zona urbana) > la Julia > Seminario,True,ONE,,,
10,01,01,01,01,033,03,sub_barrio,El Manguito,El Manguito,el manguito,10-01-01-01-01-033-00,10-01-01-01-01-033-03,Distrito Nacional > Santo Domingo de Guzmán > Santo Domingo de Guzmán > Santo Domingo de Guzmán (Zona urbana) > la Julia > El Manguito,True,ONE,,,
10,01,01,01,01,034,00,barrio_paraje,Nuestra Señora de La Paz,Nuestra Señora de La Paz,nuestra senora de la paz,10-01-01-01-01-000-00,10-01-01-01-01-034-00,Distrito Nacional > Santo Domingo de Guzmán > Santo Domingo de Guzmán > Santo Domingo de Guzmán (Zona urbana) > Nuestra Señora de La Paz,True,ONE,,,
10,01,01,01,01,034,01,sub_barrio,Nuestra Señora de La Paz,Nuestra Señora de La Paz,nuestra senora de la paz,10-01-01-01-01-034-00,10-01-01-01-01-034-01,Distrito Nacional > Santo Domingo de Guzmán > Santo Domingo de Guzmán > Santo Domingo de Guzmán (Zona urbana) > Nuestra Señora de La Paz > Nuestra Señora de La Paz,True,ONE,,,
10,01,01,01,01,035,00,barrio_paraje,General antonio Duvergé,General antonio Duvergé,general antonio duverge,10-01-01-01-01-000-00,10-01-01-01-01-035-00,Distrito Nacional > Santo Domingo de Guzmán > Santo Domingo de Guzmán > Santo Domingo de Guzmán (Zona urbana) > General antonio Duvergé,True,ONE,,,
10,01,01,01,01,035,01,sub_barrio,General Antonio Duvergé,General Antonio Duvergé,general antonio duverge,10-01-01-01-01-035-00,10-01-01-01-01-035-01,Distrito Nacional > Santo Domingo de Guzmán > Santo Domingo de Guzmán > Santo Domingo de Guzmán (Zona urbana) > General antonio Duvergé > General Antonio Duvergé,True,ONE,,,
10,01,01,01,01,035,02,sub_barrio,Honduras,Honduras,honduras,10-01-01-01-01-035-00,10-01-01-01-01-035-02,Distrito Nacional > Santo Domingo de Guzmán > Santo Domingo de Guzmán > Santo Domingo de Guzmán (Zona urbana) > General antonio Duvergé > Honduras,True,ONE,,,
10,01,01,01,01,035,03,sub_barrio,Maripili,Maripili,maripili,10-01-01-01-01-035-00,10-01-01-01-01-035-03,Distrito Nacional > Santo Domingo de Guzmán > Santo Domingo de Guzmán > Santo Domingo de Guzmán (Zona urbana) > General antonio Duvergé > Maripili,True,ONE,,,
10,01,01,01,01,036,00,barrio_paraje,30 de Mayo,30 de Mayo,30 de mayo,10-01-01-01-01-000-00,10-01-01-01-01-036-00,Distrito Nacional > Santo Domingo de Guzmán > Santo Domingo de Guzmán > Santo Domingo de Guzmán (Zona urbana) > 30 de Mayo,True,ONE,,,
10,01,01,01,01,036,01,sub_barrio,30 de Mayo,30 de Mayo,30 de mayo,10-01-01-01-01-036-00,10-01-01-01-01-036-01,Distrito Nacional > Santo Domingo de Guzmán > Santo Domingo de Guzmán > Santo Domingo de Guzmán (Zona urbana) > 30 de Mayo > 30 de Mayo,True,ONE,,,
10,01,01,01,01,036,02,sub_barrio,Villa Alejandrina II,Villa Alejandrina II,villa alejandrina ii,10-01-01-01-01-036-00,10-01-01-01-01-036-02,Distrito Nacional > Santo Domingo de Guzmán > Santo Domingo de Guzmán > Santo Domingo de Guzmán (Zona urbana) > 30 de Mayo > Villa Alejandrina II,True,ONE,,,
10,01,01,01,01,036,03,sub_barrio,Las Piedras,Las Piedras,las piedras,10-01-01-01-01-036-00,10-01-01-01-01-036-03,Distrito Nacional > Santo Domingo de Guzmán > Santo Domingo de Guzmán > Santo Domingo de Guzmán (Zona urbana) > 30 de Mayo > Las Piedras,True,ONE,,,
10,01,01,01,01,037,00,barrio_paraje,Cacique,Cacique,cacique,10-01-01-01-01-000-00,10-01-01-01-01-037-00,Distrito Nacional > Santo Domingo de Guzmán > Santo Domingo de Guzmán > Santo Domingo de Guzmán (Zona urbana) > Cacique,True,ONE,,,
10,01,01,01,01,037,01,sub_barrio,Brisa del Mar,Brisa del Mar,brisa del mar,10-01-01-01-01-037-00,10-01-01-01-01-037-01,Distrito Nacional > Santo Domingo de Guzmán > Santo Domingo de Guzmán > Santo Domingo de Guzmán (Zona urbana) > Cacique > Brisa del Mar,True,ONE,,,
10,01,01,01,01,037,02,sub_barrio,Mar Azul,Mar Azul,mar azul,10-01-01-01-01-037-00,10-01-01-01-01-037-02,Distrito Nacional > Santo Domingo de Guzmán > Santo Domingo de Guzmán > Santo Domingo de Guzmán (Zona urbana) > Cacique > Mar Azul,True,ONE,,,
10,01,01,01,01,037,03,sub_barrio,Plaza,Plaza,plaza,10-01-01-01-01-037-00,10-01-01-01-01-037-03,Distrito Nacional > Santo Domingo de Guzmán > Santo Domingo de Guzmán > Santo Domingo de Guzmán (Zona urbana) > Cacique > Plaza,True,ONE,,,
10,01,01,01,01,037,04,sub_barrio,Cq I,Cq I,cq i,10-01-01-01-01-037-00,10-01-01-01-01-037-04,Distrito Nacional > Santo Domingo de Guzmán > Santo Domingo de Guzmán > Santo Domingo de Guzmán (Zona urbana) > Cacique > Cq I,True,ONE,,,
10,01,01,01,01,037,05,sub_barrio,Cq 2,Cq 2,cq 2,10-01-01-01-01-037-00,10-01-01-01-01-037-05,Distrito Nacional > Santo Domingo de Guzmán > Santo Domingo de Guzmán > Santo Domingo de Guzmán (Zona urbana) > Cacique > Cq 2,True,ONE,,,
10,01,01,01,01,037,06,sub_barrio,Cq 3,Cq 3,cq 3,10-01-01-01-01-037-00,10-01-01-01-01-037-06,Distrito Nacional > Santo Domingo de Guzmán > Santo Domingo de Guzmán > Santo Domingo de Guzmán (Zona urbana) > Cacique > Cq 3,True,ONE,,,
10,01,01,01,01,037,07,sub_barrio,Antillas,Antillas,antillas,10-01-01-01-01-037-00,10-01-01-01-01-037-07,Distrito Nacional > Santo Domingo de Guzmán > Santo Domingo de Guzmán > Santo Domingo de Guzmán (Zona urbana) > Cacique > Antillas,True,ONE,,,
10,01,01,01,01,037,08,sub_barrio,Costa Brava,Costa Brava,costa brava,10-01-01-01-01-037-00,10-01-01-01-01-037-08,Distrito Nacional > Santo Domingo de Guzmán > Santo Domingo de Guzmán > Santo Domingo de Guzmán (Zona urbana) > Cacique > Costa Brava,True,ONE,,,
10,01,01,01,01,038,00,barrio_paraje,centro de los Héroes,centro de los Héroes,centro de los heroes,10-01-01-01-01-000-00,10-01-01-01-01-038-00,Distrito Nacional > Santo Domingo de Guzmán > Santo Domingo de Guzmán > Santo Domingo de Guzmán (Zona urbana) > centro de los Héroes,True,ONE,,,
10,01,01,01,01,038,01,sub_barrio,Centro de Los Héroes,Centro de Los Héroes,centro de los heroes,10-01-01-01-01-038-00,10-01-01-01-01-038-01,Distrito Nacional > Santo Domingo de Guzmán > Santo Domingo de Guzmán > Santo Domingo de Guzmán (Zona urbana) > centro de los Héroes > Centro de Los Héroes,True,ONE,,,
10,01,01,01,01,039,00,barrio_paraje,Mata Hambre,Mata Hambre,mata hambre,10-01-01-01-01-000-00,10-01-01-01-01-039-00,Distrito Nacional > Santo Domingo de Guzmán > Santo Domingo de Guzmán > Santo Domingo de Guzmán (Zona urbana) > Mata Hambre,True,ONE,,,
10,01,01,01,01,039,01,sub_barrio,Mata Hambre,Mata Hambre,mata hambre,10-01-01-01-01-039-00,10-01-01-01-01-039-01,Distrito Nacional > Santo Domingo de Guzmán > Santo Domingo de Guzmán > Santo Domingo de Guzmán (Zona urbana) > Mata Hambre > Mata Hambre,True,ONE,,,
10,01,01,01,01,039,02,sub_barrio,La Feria,La Feria,la feria,10-01-01-01-01-039-00,10-01-01-01-01-039-02,Distrito Nacional > Santo Domingo de Guzmán > Santo Domingo de Guzmán > Santo Domingo de Guzmán (Zona urbana) > Mata Hambre > La Feria,True,ONE,,,
10,01,01,01,01,040,00,barrio_paraje,ciudad Universitaria,ciudad Universitaria,ciudad universitaria,10-01-01-01-01-000-00,10-01-01-01-01-040-00,Distrito Nacional > Santo Domingo de Guzmán > Santo Domingo de Guzmán > Santo Domingo de Guzmán (Zona urbana) > ciudad Universitaria,True,ONE,,,
10,01,01,01,01,040,01,sub_barrio,Ciudad Universitaria,Ciudad Universitaria,ciudad universitaria,10-01-01-01-01-040-00,10-01-01-01-01-040-01,Distrito Nacional > Santo Domingo de Guzmán > Santo Domingo de Guzmán > Santo Domingo de Guzmán (Zona urbana) > ciudad Universitaria > Ciudad Universitaria,True,ONE,,,
10,01,01,01,01,040,02,sub_barrio,La Julia,La Julia,la julia,10-01-01-01-01-040-00,10-01-01-01-01-040-02,Distrito Nacional > Santo Domingo de Guzmán > Santo Domingo de Guzmán > Santo Domingo de Guzmán (Zona urbana) > ciudad Universitaria > La Julia,True,ONE,,,
10,01,01,01,01,041,00,barrio_paraje,La Esperilla,La Esperilla,la esperilla,10-01-01-01-01-000-00,10-01-01-01-01-041-00,Distrito Nacional > Santo Domingo de Guzmán > Santo Domingo de Guzmán > Santo Domingo de Guzmán (Zona urbana) > La Esperilla,True,ONE,,,
10,01,01,01,01,041,01,sub_barrio,La Esperilla,La Esperilla,la esperilla,10-01-01-01-01-041-00,10-01-01-01-01-041-01,Distrito Nacional > Santo Domingo de Guzmán > Santo Domingo de Guzmán > Santo Domingo de Guzmán (Zona urbana) > La Esperilla > La Esperilla,True,ONE,,,
10,01,01,01,01,041,02,sub_barrio,El Vergel,El Vergel,el vergel,10-01-01-01-01-041-00,10-01-01-01-01-041-02,Distrito Nacional > Santo Domingo de Guzmán > Santo Domingo de Guzmán > Santo Domingo de Guzmán (Zona urbana) > La Esperilla > El Vergel,True,ONE,,,
10,01,01,01,01,042,00,barrio_paraje,Ensanche Naco,Ensanche Naco,ensanche naco,10-01-01-01-01-000-00,10-01-01-01-01-042-00,Distrito Nacional > Santo Domingo de Guzmán > Santo Domingo de Guzmán > Santo Domingo de Guzmán (Zona urbana) > Ensanche Naco,True,ONE,,,
10,01,01,01,01,042,01,sub_barrio,Ensanche Naco,Ensanche Naco,ensanche naco,10-01-01-01-01-042-00,10-01-01-01-01-042-01,Distrito Nacional > Santo Domingo de Guzmán > Santo Domingo de Guzmán > Santo Domingo de Guzmán (Zona urbana) > Ensanche Naco > Ensanche Naco,True,ONE,,,
10,01,01,01,01,042,02,sub_barrio,La Yuca,La Yuca,la yuca,10-01-01-01-01-042-00,10-01-01-01-01-042-02,Distrito Nacional > Santo Domingo de Guzmán > Santo Domingo de Guzmán > Santo Domingo de Guzmán (Zona urbana) > Ensanche Naco > La Yuca,True,ONE,,,
10,01,01,01,01,043,00,barrio_paraje,Centro Olímpico Juan Pablo Duarte,Centro Olímpico Juan Pablo Duarte,centro olimpico juan pablo duarte,10-01-01-01-01-000-00,10-01-01-01-01-043-00,Distrito Nacional > Santo Domingo de Guzmán > Santo Domingo de Guzmán > Santo Domingo de Guzmán (Zona urbana) > Centro Olímpico Juan Pablo Duarte,True,ONE,,,
10,01,01,01,01,043,01,sub_barrio,Centro Olímpico Juan Pablo Duarte,Centro Olímpico Juan Pablo Duarte,centro olimpico juan pablo duarte,10-01-01-01-01-043-00,10-01-01-01-01-043-01,Distrito Nacional > Santo Domingo de Guzmán > Santo Domingo de Guzmán > Santo Domingo de Guzmán (Zona urbana) > Centro Olímpico Juan Pablo Duarte > Centro Olímpico Juan Pablo Duarte,True,ONE,,,
10,01,01,01,01,044,00,barrio_paraje,La Fe,La Fe,la fe,10-01-01-01-01-000-00,10-01-01-01-01-044-00,Distrito Nacional > Santo Domingo de Guzmán > Santo Domingo de Guzmán > Santo Domingo de Guzmán (Zona urbana) > La Fe,True,ONE,,,
10,01,01,01,01,044,01,sub_barrio,La Fe,La Fe,la fe,10-01-01-01-01-044-00,10-01-01-01-01-044-01,Distrito Nacional > Santo Domingo de Guzmán > Santo Domingo de Guzmán > Santo Domingo de Guzmán (Zona urbana) > La Fe > La Fe,True,ONE,,,
10,01,01,01,01,044,02,sub_barrio,Cachimán,Cachimán,cachiman,10-01-01-01-01-044-00,10-01-01-01-01-044-02,Distrito Nacional > Santo Domingo de Guzmán > Santo Domingo de Guzmán > Santo Domingo de Guzmán (Zona urbana) > La Fe > Cachimán,True,ONE,,,
10,01,01,01,01,044,03,sub_barrio,Ensanche Kennedy,Ensanche Kennedy,ensanche kennedy,10-01-01-01-01-044-00,10-01-01-01-01-044-03,Distrito Nacional > Santo Domingo de Guzmán > Santo Domingo de Guzmán > Santo Domingo de Guzmán (Zona urbana) > La Fe > Ensanche Kennedy,True,ONE,,,
10,01,01,01,01,045,00,barrio_paraje,la agustina,la agustina,la agustina,10-01-01-01-01-000-00,10-01-01-01-01-045-00,Distrito Nacional > Santo Domingo de Guzmán > Santo Domingo de Guzmán > Santo Domingo de Guzmán (Zona urbana) > la agustina,True,ONE,,,
10,01,01,01,01,045,01,sub_barrio,La Agustina,La Agustina,la agustina,10-01-01-01-01-045-00,10-01-01-01-01-045-01,Distrito Nacional > Santo Domingo de Guzmán > Santo Domingo de Guzmán > Santo Domingo de Guzmán (Zona urbana) > la agustina > La Agustina,True,ONE,,,
10,01,01,01,01,045,02,sub_barrio,La Cementera,La Cementera,la cementera,10-01-01-01-01-045-00,10-01-01-01-01-045-02,Distrito Nacional > Santo Domingo de Guzmán > Santo Domingo de Guzmán > Santo Domingo de Guzmán (Zona urbana) > la agustina > La Cementera,True,ONE,,,
10,01,01,01,01,045,03,sub_barrio,Lanna Gautier,Lanna Gautier,lanna gautier,10-01-01-01-01-045-00,10-01-01-01-01-045-03,Distrito Nacional > Santo Domingo de Guzmán > Santo Domingo de Guzmán > Santo Domingo de Guzmán (Zona urbana) > la agustina > Lanna Gautier,True,ONE,,,
10,01,01,01,01,045,04,sub_barrio,La Agustinita,La Agustinita,la agustinita,10-01-01-01-01-045-00,10-01-01-01-01-045-04,Distrito Nacional > Santo Domingo de Guzmán > Santo Domingo de Guzmán > Santo Domingo de Guzmán (Zona urbana) > la agustina > La Agustinita,True,ONE,,,
10,01,01,01,01,046,00,barrio_paraje,cristo rey,cristo rey,cristo rey,10-01-01-01-01-000-00,10-01-01-01-01-046-00,Distrito Nacional > Santo Domingo de Guzmán > Santo Domingo de Guzmán > Santo Domingo de Guzmán (Zona urbana) > cristo rey,True,ONE,,,
10,01,01,01,01,046,01,sub_barrio,Cristo Rey,Cristo Rey,cristo rey,10-01-01-01-01-046-00,10-01-01-01-01-046-01,Distrito Nacional > Santo Domingo de Guzmán > Santo Domingo de Guzmán > Santo Domingo de Guzmán (Zona urbana) > cristo rey > Cristo Rey,True,ONE,,,
10,01,01,01,01,046,02,sub_barrio,El Caliche,El Caliche,el caliche,10-01-01-01-01-046-00,10-01-01-01-01-046-02,Distrito Nacional > Santo Domingo de Guzmán > Santo Domingo de Guzmán > Santo Domingo de Guzmán (Zona urbana) > cristo rey > El Caliche,True,ONE,,,
10,01,01,01,01,046,03,sub_barrio,Las Flores,Las Flores,las flores,10-01-01-01-01-046-00,10-01-01-01-01-046-03,Distrito Nacional > Santo Domingo de Guzmán > Santo Domingo de Guzmán > Santo Domingo de Guzmán (Zona urbana) > cristo rey > Las Flores,True,ONE,,,
10,01,01,01,01,046,04,sub_barrio,Paravel,Paravel,paravel,10-01-01-01-01-046-00,10-01-01-01-01-046-04,Distrito Nacional > Santo Domingo de Guzmán > Santo Domingo de Guzmán > Santo Domingo de Guzmán (Zona urbana) > cristo rey > Paravel,True,ONE,,,
10,01,01,01,01,046,05,sub_barrio,Residencial Ortega y Gasset,Residencial Ortega y Gasset,residencial ortega y gasset,10-01-01-01-01-046-00,10-01-01-01-01-046-05,Distrito Nacional > Santo Domingo de Guzmán > Santo Domingo de Guzmán > Santo Domingo de Guzmán (Zona urbana) > cristo rey > Residencial Ortega y Gasset,True,ONE,,,
10,01,01,01,01,046,06,sub_barrio,El Yaquito,El Yaquito,el yaquito,10-01-01-01-01-046-00,10-01-01-01-01-046-06,Distrito Nacional > Santo Domingo de Guzmán > Santo Domingo de Guzmán > Santo Domingo de Guzmán (Zona urbana) > cristo rey > El Yaquito,True,ONE,,,
10,01,01,01,01,046,07,sub_barrio,La 40,La 40,la 40,10-01-01-01-01-046-00,10-01-01-01-01-046-07,Distrito Nacional > Santo Domingo de Guzmán > Santo Domingo de Guzmán > Santo Domingo de Guzmán (Zona urbana) > cristo rey > La 40,True,ONE,,,
10,01,01,01,01,046,08,sub_barrio,La Lechuga,La Lechuga,la lechuga,10-01-01-01-01-046-00,10-01-01-01-01-046-08,Distrito Nacional > Santo Domingo de Guzmán > Santo Domingo de Guzmán > Santo Domingo de Guzmán (Zona urbana) > cristo rey > La Lechuga,True,ONE,,,
10,01,01,01,01,046,09,sub_barrio,La Chivera,La Chivera,la chivera,10-01-01-01-01-046-00,10-01-01-01-01-046-09,Distrito Nacional > Santo Domingo de Guzmán > Santo Domingo de Guzmán > Santo Domingo de Guzmán (Zona urbana) > cristo rey > La Chivera,True,ONE,,,
10,01,01,01,01,047,00,barrio_paraje,Jardín Zoológico,Jardín Zoológico,jardin zoologico,10-01-01-01-01-000-00,10-01-01-01-01-047-00,Distrito Nacional > Santo Domingo de Guzmán > Santo Domingo de Guzmán > Santo Domingo de Guzmán (Zona urbana) > Jardín Zoológico,True,ONE,,,
10,01,01,01,01,047,01,sub_barrio,Jardín Zoológico,Jardín Zoológico,jardin zoologico,10-01-01-01-01-047-00,10-01-01-01-01-047-01,Distrito Nacional > Santo Domingo de Guzmán > Santo Domingo de Guzmán > Santo Domingo de Guzmán (Zona urbana) > Jardín Zoológico > Jardín Zoológico,True,ONE,,,
10,01,01,01,01,048,00,barrio_paraje,La Zurza,La Zurza,la zurza,10-01-01-01-01-000-00,10-01-01-01-01-048-00,Distrito Nacional > Santo Domingo de Guzmán > Santo Domingo de Guzmán > Santo Domingo de Guzmán (Zona urbana) > La Zurza,True,ONE,,,
10,01,01,01,01,048,01,sub_barrio,La Zurza,La Zurza,la zurza,10-01-01-01-01-048-00,10-01-01-01-01-048-01,Distrito Nacional > Santo Domingo de Guzmán > Santo Domingo de Guzmán > Santo Domingo de Guzmán (Zona urbana) > La Zurza > La Zurza,True,ONE,,,
10,01,01,01,01,048,02,sub_barrio,Residencial Rivera de la Isabela,Residencial Rivera de la Isabela,residencial rivera de la isabela,10-01-01-01-01-048-00,10-01-01-01-01-048-02,Distrito Nacional > Santo Domingo de Guzmán > Santo Domingo de Guzmán > Santo Domingo de Guzmán (Zona urbana) > La Zurza > Residencial Rivera de la Isabela,True,ONE,,,
10,01,01,01,01,048,03,sub_barrio,Los Coquitos,Los Coquitos,los coquitos,10-01-01-01-01-048-00,10-01-01-01-01-048-03,Distrito Nacional > Santo Domingo de Guzmán > Santo Domingo de Guzmán > Santo Domingo de Guzmán (Zona urbana) > La Zurza > Los Coquitos,True,ONE,,,
10,01,01,01,01,049,00,barrio_paraje,Villas Agrícolas,Villas Agrícolas,villas agricolas,10-01-01-01-01-000-00,10-01-01-01-01-049-00,Distrito Nacional > Santo Domingo de Guzmán > Santo Domingo de Guzmán > Santo Domingo de Guzmán (Zona urbana) > Villas Agrícolas,True,ONE,,,
10,01,01,01,01,049,01,sub_barrio,Villas Agrícolas,Villas Agrícolas,villas agricolas,10-01-01-01-01-049-00,10-01-01-01-01-049-01,Distrito Nacional > Santo Domingo de Guzmán > Santo Domingo de Guzmán > Santo Domingo de Guzmán (Zona urbana) > Villas Agrícolas > Villas Agrícolas,True,ONE,,,
10,01,01,01,01,049,02,sub_barrio,Proyecto Habitacional La Zurza,Proyecto Habitacional La Zurza,proyecto habitacional la zurza,10-01-01-01-01-049-00,10-01-01-01-01-049-02,Distrito Nacional > Santo Domingo de Guzmán > Santo Domingo de Guzmán > Santo Domingo de Guzmán (Zona urbana) > Villas Agrícolas > Proyecto Habitacional La Zurza,True,ONE,,,
10,01,01,01,01,049,03,sub_barrio,La Laguna,La Laguna,la laguna,10-01-01-01-01-049-00,10-01-01-01-01-049-03,Distrito Nacional > Santo Domingo de Guzmán > Santo Domingo de Guzmán > Santo Domingo de Guzmán (Zona urbana) > Villas Agrícolas > La Laguna,True,ONE,,,
10,01,01,01,01,050,00,barrio_paraje,Villa Juana,Villa Juana,villa juana,10-01-01-01-01-000-00,10-01-01-01-01-050-00,Distrito Nacional > Santo Domingo de Guzmán > Santo Domingo de Guzmán > Santo Domingo de Guzmán (Zona urbana) > Villa Juana,True,ONE,,,
10,01,01,01,01,050,01,sub_barrio,Villa Juana,Villa Juana,villa juana,10-01-01-01-01-050-00,10-01-01-01-01-050-01,Distrito Nacional > Santo Domingo de Guzmán > Santo Domingo de Guzmán > Santo Domingo de Guzmán (Zona urbana) > Villa Juana > Villa Juana,True,ONE,,,
10,01,01,01,01,050,02,sub_barrio,El Ensanchito,El Ensanchito,el ensanchito,10-01-01-01-01-050-00,10-01-01-01-01-050-02,Distrito Nacional > Santo Domingo de Guzmán > Santo Domingo de Guzmán > Santo Domingo de Guzmán (Zona urbana) > Villa Juana > El Ensanchito,True,ONE,,,
10,01,01,01,01,051,00,barrio_paraje,Miraflores,Miraflores,miraflores,10-01-01-01-01-000-00,10-01-01-01-01-051-00,Distrito Nacional > Santo Domingo de Guzmán > Santo Domingo de Guzmán > Santo Domingo de Guzmán (Zona urbana) > Miraflores,True,ONE,,,
10,01,01,01,01,051,01,sub_barrio,Miraflores,Miraflores,miraflores,10-01-01-01-01-051-00,10-01-01-01-01-051-01,Distrito Nacional > Santo Domingo de Guzmán > Santo Domingo de Guzmán > Santo Domingo de Guzmán (Zona urbana) > Miraflores > Miraflores,True,ONE,,,
10,01,01,01,01,052,00,barrio_paraje,San Juan Bosco,San Juan Bosco,san juan bosco,10-01-01-01-01-000-00,10-01-01-01-01-052-00,Distrito Nacional > Santo Domingo de Guzmán > Santo Domingo de Guzmán > Santo Domingo de Guzmán (Zona urbana) > San Juan Bosco,True,ONE,,,
10,01,01,01,01,052,01,sub_barrio,San Juan Bosco,San Juan Bosco,san juan bosco,10-01-01-01-01-052-00,10-01-01-01-01-052-01,Distrito Nacional > Santo Domingo de Guzmán > Santo Domingo de Guzmán > Santo Domingo de Guzmán (Zona urbana) > San Juan Bosco > San Juan Bosco,True,ONE,,,
10,01,01,01,01,053,00,barrio_paraje,Gascue,Gascue,gascue,10-01-01-01-01-000-00,10-01-01-01-01-053-00,Distrito Nacional > Santo Domingo de Guzmán > Santo Domingo de Guzmán > Santo Domingo de Guzmán (Zona urbana) > Gascue,True,ONE,,,
10,01,01,01,01,053,01,sub_barrio,Gascue,Gascue,gascue,10-01-01-01-01-053-00,10-01-01-01-01-053-01,Distrito Nacional > Santo Domingo de Guzmán > Santo Domingo de Guzmán > Santo Domingo de Guzmán (Zona urbana) > Gascue > Gascue,True,ONE,,,
10,01,01,01,01,053,02,sub_barrio,Reparto Aguedita,Reparto Aguedita,reparto aguedita,10-01-01-01-01-053-00,10-01-01-01-01-053-02,Distrito Nacional > Santo Domingo de Guzmán > Santo Domingo de Guzmán > Santo Domingo de Guzmán (Zona urbana) > Gascue > Reparto Aguedita,True,ONE,,,
10,01,01,01,01,053,03,sub_barrio,Ensanche Independencia,Ensanche Independencia,ensanche independencia,10-01-01-01-01-053-00,10-01-01-01-01-053-03,Distrito Nacional > Santo Domingo de Guzmán > Santo Domingo de Guzmán > Santo Domingo de Guzmán (Zona urbana) > Gascue > Ensanche Independencia,True,ONE,,,
10,01,01,01,01,053,04,sub_barrio,La Primavera,La Primavera,la primavera,10-01-01-01-01-053-00,10-01-01-01-01-053-04,Distrito Nacional > Santo Domingo de Guzmán > Santo Domingo de Guzmán > Santo Domingo de Guzmán (Zona urbana) > Gascue > La Primavera,True,ONE,,,
10,01,01,01,01,053,05,sub_barrio,Ensanche Lugo,Ensanche Lugo,ensanche lugo,10-01-01-01-01-053-00,10-01-01-01-01-053-05,Distrito Nacional > Santo Domingo de Guzmán > Santo Domingo de Guzmán > Santo Domingo de Guzmán (Zona urbana) > Gascue > Ensanche Lugo,True,ONE,,,
10,01,01,01,01,054,00,barrio_paraje,ciudad Nueva,ciudad Nueva,ciudad nueva,10-01-01-01-01-000-00,10-01-01-01-01-054-00,Distrito Nacional > Santo Domingo de Guzmán > Santo Domingo de Guzmán > Santo Domingo de Guzmán (Zona urbana) > ciudad Nueva,True,ONE,,,
10,01,01,01,01,054,01,sub_barrio,Ciudad Nueva,Ciudad Nueva,ciudad nueva,10-01-01-01-01-054-00,10-01-01-01-01-054-01,Distrito Nacional > Santo Domingo de Guzmán > Santo Domingo de Guzmán > Santo Domingo de Guzmán (Zona urbana) > ciudad Nueva > Ciudad Nueva,True,ONE,,,
10,01,01,01,01,055,00,barrio_paraje,San carlos,San carlos,san carlos,10-01-01-01-01-000-00,10-01-01-01-01-055-00,Distrito Nacional > Santo Domingo de Guzmán > Santo Domingo de Guzmán > Santo Domingo de Guzmán (Zona urbana) > San carlos,True,ONE,,,
10,01,01,01,01,055,01,sub_barrio,San Carlos,San Carlos,san carlos,10-01-01-01-01-055-00,10-01-01-01-01-055-01,Distrito Nacional > Santo Domingo de Guzmán > Santo Domingo de Guzmán > Santo Domingo de Guzmán (Zona urbana) > San carlos > San Carlos,True,ONE,,,
10,01,01,01,01,056,00,barrio_paraje,Villa consuelo,Villa consuelo,villa consuelo,10-01-01-01-01-000-00,10-01-01-01-01-056-00,Distrito Nacional > Santo Domingo de Guzmán > Santo Domingo de Guzmán > Santo Domingo de Guzmán (Zona urbana) > Villa consuelo,True,ONE,,,
10,01,01,01,01,056,01,sub_barrio,Villa Consuelo,Villa Consuelo,villa consuelo,10-01-01-01-01-056-00,10-01-01-01-01-056-01,Distrito Nacional > Santo Domingo de Guzmán > Santo Domingo de Guzmán > Santo Domingo de Guzmán (Zona urbana) > Villa consuelo > Villa Consuelo,True,ONE,,,
10,01,01,01,01,056,02,sub_barrio,Villa María,Villa María,villa maria,10-01-01-01-01-056-00,10-01-01-01-01-056-02,Distrito Nacional > Santo Domingo de Guzmán > Santo Domingo de Guzmán > Santo Domingo de Guzmán (Zona urbana) > Villa consuelo > Villa María,True,ONE,,,
10,01,01,01,01,057,00,barrio_paraje,Ensanche Luperón,Ensanche Luperón,ensanche luperon,10-01-01-01-01-000-00,10-01-01-01-01-057-00,Distrito Nacional > Santo Domingo de Guzmán > Santo Domingo de Guzmán > Santo Domingo de Guzmán (Zona urbana) > Ensanche Luperón,True,ONE,,,
10,01,01,01,01,057,01,sub_barrio,Ensanche Luperón,Ensanche Luperón,ensanche luperon,10-01-01-01-01-057-00,10-01-01-01-01-057-01,Distrito Nacional > Santo Domingo de Guzmán > Santo Domingo de Guzmán > Santo Domingo de Guzmán (Zona urbana) > Ensanche Luperón > Ensanche Luperón,True,ONE,,,
10,01,01,01,01,057,02,sub_barrio,Libertad,Libertad,libertad,10-01-01-01-01-057-00,10-01-01-01-01-057-02,Distrito Nacional > Santo Domingo de Guzmán > Santo Domingo de Guzmán > Santo Domingo de Guzmán (Zona urbana) > Ensanche Luperón > Libertad,True,ONE,,,
10,01,01,01,01,057,03,sub_barrio,Villa Colores,Villa Colores,villa colores,10-01-01-01-01-057-00,10-01-01-01-01-057-03,Distrito Nacional > Santo Domingo de Guzmán > Santo Domingo de Guzmán > Santo Domingo de Guzmán (Zona urbana) > Ensanche Luperón > Villa Colores,True,ONE,,,
10,01,01,01,01,058,00,barrio_paraje,Ensanche Capotillo,Ensanche Capotillo,ensanche capotillo,10-01-01-01-01-000-00,10-01-01-01-01-058-00,Distrito Nacional > Santo Domingo de Guzmán > Santo Domingo de Guzmán > Santo Domingo de Guzmán (Zona urbana) > Ensanche Capotillo,True,ONE,,,
10,01,01,01,01,058,01,sub_barrio,Ensanche Capotillo,Ensanche Capotillo,ensanche capotillo,10-01-01-01-01-058-00,10-01-01-01-01-058-01,Distrito Nacional > Santo Domingo de Guzmán > Santo Domingo de Guzmán > Santo Domingo de Guzmán (Zona urbana) > Ensanche Capotillo > Ensanche Capotillo,True,ONE,,,
10,01,01,01,01,058,02,sub_barrio,Los Manguitos,Los Manguitos,los manguitos,10-01-01-01-01-058-00,10-01-01-01-01-058-02,Distrito Nacional > Santo Domingo de Guzmán > Santo Domingo de Guzmán > Santo Domingo de Guzmán (Zona urbana) > Ensanche Capotillo > Los Manguitos,True,ONE,,,
10,01,01,01,01,058,03,sub_barrio,La Caridad,La Caridad,la caridad,10-01-01-01-01-058-00,10-01-01-01-01-058-03,Distrito Nacional > Santo Domingo de Guzmán > Santo Domingo de Guzmán > Santo Domingo de Guzmán (Zona urbana) > Ensanche Capotillo > La Caridad,True,ONE,,,
10,01,01,01,01,059,00,barrio_paraje,Simón Bolívar,Simón Bolívar,simon bolivar,10-01-01-01-01-000-00,10-01-01-01-01-059-00,Distrito Nacional > Santo Domingo de Guzmán > Santo Domingo de Guzmán > Santo Domingo de Guzmán (Zona urbana) > Simón Bolívar,True,ONE,,,
10,01,01,01,01,059,01,sub_barrio,Simón Bolívar,Simón Bolívar,simon bolivar,10-01-01-01-01-059-00,10-01-01-01-01-059-01,Distrito Nacional > Santo Domingo de Guzmán > Santo Domingo de Guzmán > Santo Domingo de Guzmán (Zona urbana) > Simón Bolívar > Simón Bolívar,True,ONE,,,
10,01,01,01,01,059,02,sub_barrio,Las Cañitas,Las Cañitas,las canitas,10-01-01-01-01-059-00,10-01-01-01-01-059-02,Distrito Nacional > Santo Domingo de Guzmán > Santo Domingo de Guzmán > Santo Domingo de Guzmán (Zona urbana) > Simón Bolívar > Las Cañitas,True,ONE,,,
10,01,01,01,01,060,00,barrio_paraje,24 de abril,24 de abril,24 de abril,10-01-01-01-01-000-00,10-01-01-01-01-060-00,Distrito Nacional > Santo Domingo de Guzmán > Santo Domingo de Guzmán > Santo Domingo de Guzmán (Zona urbana) > 24 de abril,True,ONE,,,
10,01,01,01,01,060,01,sub_barrio,24 de Abril,24 de Abril,24 de abril,10-01-01-01-01-060-00,10-01-01-01-01-060-01,Distrito Nacional > Santo Domingo de Guzmán > Santo Domingo de Guzmán > Santo Domingo de Guzmán (Zona urbana) > 24 de abril > 24 de Abril,True,ONE,,,
10,01,01,01,01,060,02,sub_barrio,Las Cañitas,Las Cañitas,las canitas,10-01-01-01-01-060-00,10-01-01-01-01-060-02,Distrito Nacional > Santo Domingo de Guzmán > Santo Domingo de Guzmán > Santo Domingo de Guzmán (Zona urbana) > 24 de abril > Las Cañitas,True,ONE,,,
10,01,01,01,01,061,00,barrio_paraje,Ensanche Espaillat,Ensanche Espaillat,ensanche espaillat,10-01-01-01-01-000-00,10-01-01-01-01-061-00,Distrito Nacional > Santo Domingo de Guzmán > Santo Domingo de Guzmán > Santo Domingo de Guzmán (Zona urbana) > Ensanche Espaillat,True,ONE,,,
10,01,01,01,01,061,01,sub_barrio,Ensanche Espaillat,Ensanche Espaillat,ensanche espaillat,10-01-01-01-01-061-00,10-01-01-01-01-061-01,Distrito Nacional > Santo Domingo de Guzmán > Santo Domingo de Guzmán > Santo Domingo de Guzmán (Zona urbana) > Ensanche Espaillat > Ensanche Espaillat,True,ONE,,,
10,01,01,01,01,062,00,barrio_paraje,María Auxiliadora,María Auxiliadora,maria auxiliadora,10-01-01-01-01-000-00,10-01-01-01-01-062-00,Distrito Nacional > Santo Domingo de Guzmán > Santo Domingo de Guzmán > Santo Domingo de Guzmán (Zona urbana) > María Auxiliadora,True,ONE,,,
10,01,01,01,01,062,01,sub_barrio,María Auxiliadora,María Auxiliadora,maria auxiliadora,10-01-01-01-01-062-00,10-01-01-01-01-062-01,Distrito Nacional > Santo Domingo de Guzmán > Santo Domingo de Guzmán > Santo Domingo de Guzmán (Zona urbana) > María Auxiliadora > María Auxiliadora,True,ONE,,,
10,01,01,01,01,062,02,sub_barrio,27 de Febrero,27 de Febrero,27 de febrero,10-01-01-01-01-062-00,10-01-01-01-01-062-02,Distrito Nacional > Santo Domingo de Guzmán > Santo Domingo de Guzmán > Santo Domingo de Guzmán (Zona urbana) > María Auxiliadora > 27 de Febrero,True,ONE,,,
10,01,01,01,01,062,03,sub_barrio,Domingo Savio,Domingo Savio,domingo savio,10-01-01-01-01-062-00,10-01-01-01-01-062-03,Distrito Nacional > Santo Domingo de Guzmán > Santo Domingo de Guzmán > Santo Domingo de Guzmán (Zona urbana) > María Auxiliadora > Domingo Savio,True,ONE,,,
10,01,01,01,01,062,04,sub_barrio,Guachupita,Guachupita,guachupita,10-01-01-01-01-062-00,10-01-01-01-01-062-04,Distrito Nacional > Santo Domingo de Guzmán > Santo Domingo de Guzmán > Santo Domingo de Guzmán (Zona urbana) > María Auxiliadora > Guachupita,True,ONE,,,
10,01,01,01,01,062,05,sub_barrio,San Martín de Porres,San Martín de Porres,san martin de porres,10-01-01-01-01-062-00,10-01-01-01-01-062-05,Distrito Nacional > Santo Domingo de Guzmán > Santo Domingo de Guzmán > Santo Domingo de Guzmán (Zona urbana) > María Auxiliadora > San Martín de Porres,True,ONE,,,
10,01,01,01,01,062,06,sub_barrio,Loma del Chivo,Loma del Chivo,loma del chivo,10-01-01-01-01-062-00,10-01-01-01-01-062-06,Distrito Nacional > Santo Domingo de Guzmán > Santo Domingo de Guzmán > Santo Domingo de Guzmán (Zona urbana) > María Auxiliadora > Loma del Chivo,True,ONE,,,
10,01,01,01,01,063,00,barrio_paraje,Mejoramiento Social,Mejoramiento Social,mejoramiento social,10-01-01-01-01-000-00,10-01-01-01-01-063-00,Distrito Nacional > Santo Domingo de Guzmán > Santo Domingo de Guzmán > Santo Domingo de Guzmán (Zona urbana) > Mejoramiento Social,True,ONE,,,
10,01,01,01,01,063,01,sub_barrio,Mejoramiento Social,Mejoramiento Social,mejoramiento social,10-01-01-01-01-063-00,10-01-01-01-01-063-01,Distrito Nacional > Santo Domingo de Guzmán > Santo Domingo de Guzmán > Santo Domingo de Guzmán (Zona urbana) > Mejoramiento Social > Mejoramiento Social,True,ONE,,,
10,01,01,01,01,063,02,sub_barrio,Villa Fontana,Villa Fontana,villa fontana,10-01-01-01-01-063-00,10-01-01-01-01-063-02,Distrito Nacional > Santo Domingo de Guzmán > Santo Domingo de Guzmán > Santo Domingo de Guzmán (Zona urbana) > Mejoramiento Social > Villa Fontana,True,ONE,,,
10,01,01,01,01,063,03,sub_barrio,Samaná,Samaná,samana,10-01-01-01-01-063-00,10-01-01-01-01-063-03,Distrito Nacional > Santo Domingo de Guzmán > Santo Domingo de Guzmán > Santo Domingo de Guzmán (Zona urbana) > Mejoramiento Social > Samaná,True,ONE,,,
10,01,01,01,01,063,04,sub_barrio,La Fuente,La Fuente,la fuente,10-01-01-01-01-063-00,10-01-01-01-01-063-04,Distrito Nacional > Santo Domingo de Guzmán > Santo Domingo de Guzmán > Santo Domingo de Guzmán (Zona urbana) > Mejoramiento Social > La Fuente,True,ONE,,,
10,01,01,01,01,063,05,sub_barrio,Villa María,Villa María,villa maria,10-01-01-01-01-063-00,10-01-01-01-01-063-05,Distrito Nacional > Santo Domingo de Guzmán > Santo Domingo de Guzmán > Santo Domingo de Guzmán (Zona urbana) > Mejoramiento Social > Villa María,True,ONE,,,
10,01,01,01,01,064,00,barrio_paraje,Villa Francisca,Villa Francisca,villa francisca,10-01-01-01-01-000-00,10-01-01-01-01-064-00,Distrito Nacional > Santo Domingo de Guzmán > Santo Domingo de Guzmán > Santo Domingo de Guzmán (Zona urbana) > Villa Francisca,True,ONE,,,
10,01,01,01,01,064,01,sub_barrio,Villa Francisca,Villa Francisca,villa francisca,10-01-01-01-01-064-00,10-01-01-01-01-064-01,Distrito Nacional > Santo Domingo de Guzmán > Santo Domingo de Guzmán > Santo Domingo de Guzmán (Zona urbana) > Villa Francisca > Villa Francisca,True,ONE,,,
10,01,01,01,01,064,02,sub_barrio,Borojol,Borojol,borojol,10-01-01-01-01-064-00,10-01-01-01-01-064-02,Distrito Nacional > Santo Domingo de Guzmán > Santo Domingo de Guzmán > Santo Domingo de Guzmán (Zona urbana) > Villa Francisca > Borojol,True,ONE,,,
10,01,01,01,01,065,00,barrio_paraje,ciudad colonial,ciudad colonial,ciudad colonial,10-01-01-01-01-000-00,10-01-01-01-01-065-00,Distrito Nacional > Santo Domingo de Guzmán > Santo Domingo de Guzmán > Santo Domingo de Guzmán (Zona urbana) > ciudad colonial,True,ONE,,,
10,01,01,01,01,065,01,sub_barrio,Ciudad Colonial,Ciudad Colonial,ciudad colonial,10-01-01-01-01-065-00,10-01-01-01-01-065-01,Distrito Nacional > Santo Domingo de Guzmán > Santo Domingo de Guzmán > Santo Domingo de Guzmán (Zona urbana) > ciudad colonial > Ciudad Colonial,True,ONE,,,
10,01,01,01,01,065,02,sub_barrio,San Miguel,San Miguel,san miguel,10-01-01-01-01-065-00,10-01-01-01-01-065-02,Distrito Nacional > Santo Domingo de Guzmán > Santo Domingo de Guzmán > Santo Domingo de Guzmán (Zona urbana) > ciudad colonial > San Miguel,True,ONE,,,
10,01,01,01,01,065,03,sub_barrio,Santa Bárbara,Santa Bárbara,santa barbara,10-01-01-01-01-065-00,10-01-01-01-01-065-03,Distrito Nacional > Santo Domingo de Guzmán > Santo Domingo de Guzmán > Santo Domingo de Guzmán (Zona urbana) > ciudad colonial > Santa Bárbara,True,ONE,,,
10,01,01,01,01,065,04,sub_barrio,San Lázaro,San Lázaro,san lazaro,10-01-01-01-01-065-00,10-01-01-01-01-065-04,Distrito Nacional > Santo Domingo de Guzmán > Santo Domingo de Guzmán > Santo Domingo de Guzmán (Zona urbana) > ciudad colonial > San Lázaro,True,ONE,,,
10,01,01,01,01,065,05,sub_barrio,La Atarazana,La Atarazana,la atarazana,10-01-01-01-01-065-00,10-01-01-01-01-065-05,Distrito Nacional > Santo Domingo de Guzmán > Santo Domingo de Guzmán > Santo Domingo de Guzmán (Zona urbana) > ciudad colonial > La Atarazana,True,ONE,,,
10,01,01,01,01,066,00,barrio_paraje,Domingo Savio,Domingo Savio,domingo savio,10-01-01-01-01-000-00,10-01-01-01-01-066-00,Distrito Nacional > Santo Domingo de Guzmán > Santo Domingo de Guzmán > Santo Domingo de Guzmán (Zona urbana) > Domingo Savio,True,ONE,,,
10,01,01,01,01,066,01,sub_barrio,Los Guandules,Los Guandules,los guandules,10-01-01-01-01-066-00,10-01-01-01-01-066-01,Distrito Nacional > Santo Domingo de Guzmán > Santo Domingo de Guzmán > Santo Domingo de Guzmán (Zona urbana) > Domingo Savio > Los Guandules,True,ONE,,,
10,01,01,01,01,066,02,sub_barrio,La Ciénaga,La Ciénaga,la cienaga,10-01-01-01-01-066-00,10-01-01-01-01-066-02,Distrito Nacional > Santo Domingo de Guzmán > Santo Domingo de Guzmán > Santo Domingo de Guzmán (Zona urbana) > Domingo Savio > La Ciénaga,True,ONE,,,
10,01,01,01,01,066,03,sub_barrio,Guachupita,Guachupita,guachupita,10-01-01-01-01-066-00,10-01-01-01-01-066-03,Distrito Nacional > Santo Domingo de Guzmán > Santo Domingo de Guzmán > Santo Domingo de Guzmán (Zona urbana) > Domingo Savio > Guachupita,True,ONE,,,
10,01,01,01,01,067,00,barrio_paraje,Gualey,Gualey,gualey,10-01-01-01-01-000-00,10-01-01-01-01-067-00,Distrito Nacional > Santo Domingo de Guzmán > Santo Domingo de Guzmán > Santo Domingo de Guzmán (Zona urbana) > Gualey,True,ONE,,,
10,01,01,01,01,067,01,sub_barrio,Gualey,Gualey,gualey,10-01-01-01-01-067-00,10-01-01-01-01-067-01,Distrito Nacional > Santo Domingo de Guzmán > Santo Domingo de Guzmán > Santo Domingo de Guzmán (Zona urbana) > Gualey > Gualey,True,ONE,,,
10,01,01,01,01,068,00,barrio_paraje,la isabela,la isabela,la isabela,10-01-01-01-01-000-00,10-01-01-01-01-068-00,Distrito Nacional > Santo Domingo de Guzmán > Santo Domingo de Guzmán > Santo Domingo de Guzmán (Zona urbana) > la isabela,True,ONE,,,
10,01,01,01,01,068,01,sub_barrio,La Isabela,La Isabela,la isabela,10-01-01-01-01-068-00,10-01-01-01-01-068-01,Distrito Nacional > Santo Domingo de Guzmán > Santo Domingo de Guzmán > Santo Domingo de Guzmán (Zona urbana) > la isabela > La Isabela,True,ONE,,,
10,01,01,01,01,069,00,barrio_paraje,la Hondonada,la Hondonada,la hondonada,10-01-01-01-01-000-00,10-01-01-01-01-069-00,Distrito Nacional > Santo Domingo de Guzmán > Santo Domingo de Guzmán > Santo Domingo de Guzmán (Zona urbana) > la Hondonada,True,ONE,,,
10,01,01,01,01,069,01,sub_barrio,La Hondonada,La Hondonada,la hondonada,10-01-01-01-01-069-00,10-01-01-01-01-069-01,Distrito Nacional > Santo Domingo de Guzmán > Santo Domingo de Guzmán > Santo Domingo de Guzmán (Zona urbana) > la Hondonada > La Hondonada,True,ONE,,,
10,01,01,01,01,070,00,barrio_paraje,San Diego,San Diego,san diego,10-01-01-01-01-000-00,10-01-01-01-01-070-00,Distrito Nacional > Santo Domingo de Guzmán > Santo Domingo de Guzmán > Santo Domingo de Guzmán (Zona urbana) > San Diego,True,ONE,,,
10,01,01,01,01,070,01,sub_barrio,San Diego,San Diego,san diego,10-01-01-01-01-070-00,10-01-01-01-01-070-01,Distrito Nacional > Santo Domingo de Guzmán > Santo Domingo de Guzmán > Santo Domingo de Guzmán (Zona urbana) > San Diego > San Diego,True,ONE,,,
